"callsign","Counter","time","Latitude","Longitude","Altitude","HorizontalSpeed","Heading","Satellites","Temperature","BatteryVoltage","BatteryCurrent","gyro_x","gyro_y","gyro_z","accel_z","infrared","Temp.","timestamp"
"$CST","226.0","23:08:14","52.22657","0.09027","37.0","0.0","0.0","12.0","26.4","0.0","0.001","0.8438","-0.2656","0.875","10.3","2.0","19.4","1571612886.367"
"$CST","227.0","23:08:28","52.22655","0.09025","34.0","0.0","0.0","12.0","26.4","0.0","0.001","0.2188","-0.0703","0.4844","10.31","2.0","19.4","1571612906.632"
"$CST","229.0","23:08:55","52.22654","0.09023","30.0","0.0","0.0","12.0","26.4","0.0","0.001","0.9141","0.1641","0.5156","10.32","1.0","19.4","1571612937.092"
"$CST","230.0","23:09:02.22677","0.09023","26.0","0.0","0.0","12.0","26.4","0.0","0.001","0.6641","-0.2578","0.6797","10.33","0.0","19.4","1571612947.229"
"$CST","231.0","23:09:23","52.22655","0.09023","24.0","0.0","0.0","11.0","26.4","0.0","0.001","0.5547","-0.0938","0.8203","10.33","0.0","19.4","1571612957.386"
"$CST","232.0","23:09:37","52.22656","0.09022","20.0","0.0","0.0","12.0","26.4","0.0","0.001","0.75","-0.3984","1.0469","10.35","0.0","19.4","1571612977.624"
"$CST","233.0","23:09:51","52.22658","0.09021","16.0","0.0","0.0","12.0","26.4","0.0","0.001","0.8359","0.0938","0.9922","10.31","0.0","19.4","1571612987.743"
"$CST","234.0","23:10:04","52.22656","0.09022","19.0","0.0","0.0","12.0","26.4","0.0","0.001","0.625","-0.3516","0.7344","10.32","0.0","19.4","1571612997.866"
"$CST","235.0","23:10:18","52.22655","0.09022","22.0","0.0","0.0","12.0","26.4","0.0","0.001","0.4766","-0.1875","0.5703","10.32","1.0","19.4","1571613018.156"
"$CST","236.0","23:10:32","52.22653","0.09022","25.0","0.0","0.0","12.0","26.4","0.0","0.001","0.3984","-0.1016","0.6172","10.32","2.0","19.4","1571613028.292"
"$CST","237.0","23:10:46","52.22653","0.09024","25.0","0.0","0.0","12.0","26.4","0.0","0.001","0.8125","-0.2812","0.5781","10.33","2.0","19.4","1571613038.474"
"$CST","239.0","23:11:14","52.2265","0.09026","28.0","0.0","0.0","12.0","26.4","0.0","0.001","0.6484","-0.1719","0.6172","10.33","2.0","19.4","1571613068.889"
"$CST","241.0","23:11:42","52.22647","0.09026","30.0","0.0","0.0","12.0","26.4","0.0","0.001","0.7031","-0.3594","0.5234","10.32","0.0","19.4","1571613099.313"
"$CST","242.0","23:11:55","52.22647","0.09025","29.0","0.0","0.0","12.0","26.4","0.0","0.001","0.7734","-0.3125","0.7031","10.33","0.0","19.4","1571613109.463"
"$CST","243.0","23:12:09","52.22651","0.09024","27.0","0.0","0.0","12.0","26.4","0.0","0.001","0.7969","0.0","0.2188","10.31","0.0","19.4","1571613129.734"
"$CST","244.0","23:12:23","52.22655","0.09023","24.0","0.0","0.0","12.0","26.4","0.0","0.001","1.0625","-0.0703","0.5","10.32","0.0","19.4","1571613139.866"
"$CST","245.0","23:12:37","52.22659","0.09023","22.0","0.0","0.0","12.0","26.4","0.0","0.001","0.6016","-0.1953","0.5078","10.31","0.0","19.4","1571613150.021"
"$CST","246.0","23:12:51","52.22659","0.09022","20.0","0.0","0.0","12.0","26.4","0.0","0.001","0.6172","0.0","0.8281","10.33","2.0","19.4","1571613170.339"
"$CST","251.0","23:14:00","52.22651","0.09022","22.0","0.0","0.0","12.0","26.4","0.0","0.001","0.8516","0.1562","0.6875","10.31","0.0","19.4","1571613241.434"
"$CST","253.0","23:14:28","52.22651","0.09022","24.0","0.0","0.0","12.0","26.4","0.0","0.001","0.6094","0.1172","0.4219","10.31","0.0","19.4","1571613261.688"
"$CST","254.0","23:14:41","52.22651","0.09022","25.0","0.0","0.0","12.0","26.4","0.0","0.001","0.6719","0.2969","0.6016","10.3","0.0","19.4","1571613281.982"
"$CST","255.0","23:14:55","52.2265","0.09022","26.0","0.0","0.0","12.0","26.4","0.0","0.001","0.9609","-0.2188","0.9141","10.32","0.0","19.4","1571613292.132"
"$CST","256.0","23:15:09","52.2265","0.09023","27.0","0.0","0.0","12.0","26.4","0.0","0.001","0.5469","-0.3984","0.7266","10.32","2.0","19.4","1571613302.261"
"$CST","257.0","23:15:23","52.2265","0.09023","26.0","0.0","0.0","12.0","26.4","0.0","0.001","0.9688","0.0391","0.5547","10.31","2.0","19.5","1571613322.546"
"$CST","278.0","23:15:37","52.22651","0.09023","24.0","0.0","0.0","12.0","26.4","0.0","0.001","0.5","0.1641","0.4453","10.32","2.0","19.5","1571613332.673"
"$CST","259.0","23:15:51","52.22652","0.09022","22.0","0.0","0.0","12.0","26.4","0.0","0.001","0.75","-0.0781","0.5469","10.34","2.0","19.5","1571613342.801"
"$CST","260.0","23:16:04","52.22653","0.09022","21.0","0.0","0.0","12.0","26.4","0.0","0.001","0.7344","-0.2578","0.6094","10.32","2.0","19.4","1571613363.096"
"$CST","261.0","23:16:18","52.22674","0.09021","18.0","0.0","0.0","12.0","26.4","0.0","0.001","0.8516","0.0","0.5391","10.33","0.0","19.5","1571613373.232"
"$CST","262.0","23:16:32","52.22656","0.09021","15.0","0.0","0.0","12.0","26.4","0.0","0.001","0.4531","0.2812","0.6641","10.32","0.0","19.4","1571613393.535"
"$CST","264.0","23:17:00","52.22656","0.0902","16.0","0.0","0.0","12.0","26.4","0.0","0.001","0.9375","-0.0938","0.875","10.3","0.0","19.5","1571613413.788"
"$CST","265.0","23:17:13","52.22656","0.09021","15.0","0.0","0.0","12.0","26.4","0.0","0.001","0.0859","-0.0234","0.3438","10.32","0.0","19.5","1571613434.07"
"$CST","266.0","23:17:27","52.22656","0.09022","12.0","0.0","0.0","12.0","26.4","0.0","0.001","0.75","-0.2344","0.8047","10.32","1.0","19.5","1571613444.208"
"$CST","267.0","23:17:41","52.22655","0.09023","11.0","0.0","0.0","12.0","26.4","0.0","0.001","0.2969","-0.3828","0.4766","10.3","2.0","19.5","1571613454.365"
"$CST","269.0","23:18:09","52.22652","0.09022","10.0","0.0","0.0","12.0","26.4","0.0","0.001","0.4922","-0.1719","0.7734","10.33","2.0","19.5","1571613484.77"
"$CST","270.0","23:18:23","52.22654","0.0902","11.0","0.0","0.0","12.0","26.4","0.0","0.001","0.3438","-0.4297","0.5547","10.33","2.0","19.5","1571613494.931"
"$CST","272.0","23:18:50","52.22655","0.09018","9.0","0.0","0.0","12.0","26.4","0.0","0.001","0.8125","-0.1406","0.5469","10.32","0.0","19.5","1571613525.383"
"$CST","273.0","23:19:04","52.22655","0.09018","11.0","0.0","0.0","12.0","26.4","0.0","0.001","0.7031","0.0938","0.7188","10.32","0.0","19.5","1571613545.66"
"$CST","275.0","23:19:32","52.22659","0.09018","13.0","0.0","0.0","12.0","26.4","0.0","0.001","0.9609","0.2109","0.3438","10.32","0.0","19.5","1571613565.953"
"$CST","276.0","23:19:46","52.2266","0.09018","12.0","0.0","0.0","12.0","26.4","0.0","0.001","0.9609","-0.0547","0.7344","10.31","0.0","19.5","1571613586.233"
"$CST","278.0","23:20:13","52.2266","0.09016","11.0","0.0","0.0","12.0","26.4","0.0","0.001","0.5078","0.0703","0.6406","10.33","2.0","19.5","1571613606.555"
"$CST","280.0","23:20:41","52.22655","0.0902","20.0","0.0","0.0","12.0","26.4","0.0","0.001","0.6719","0.2109","0.7656","10.33","2.0","19.5","1571613636.977"
"$CST","281.0","23:20:55","52.22653","0.09021","24.0","0.0","0.0","12.0","26.4","0.0","0.001","0.6328","0.0938","0.7344","10.3","2.0","19.5","1571613647.143"
"$CST","282.0","23:21:09","52.22652","0.09023","27.0","0.0","0.0","12.0","26.4","0.0","0.001","0.6953","-0.2109","0.5781","10.32","0.0","19.5","1571613667.45"
"$CST","283.0","23:21:23","52.22653","0.09023","23.0","0.0","0.0","12.0","26.4","0.0","0.001","0.5","0.1094","0.5781","10.3","0.0","19.5","1571613677.59"
"$CST","284.0","23:21:36","52.22653","0.09023","23.0","0.0","0.0","12.0","26.4","0.0","0.001","0.6562","-0.0078","0.7109","10.32","0.0","19.5","1571613697.882"
"$CST","285.0","23:21:50","52.22652","0.09024","25.0","0.0","0.0","12.0","26.4","0.0","0.001","0.1562","0.0469","0.6484","10.33","0.0","19.5","1571613708.033"
"$CST","286.0","23:22:04","52.22652","0.09023","24.0","0.0","0.0","12.0","26.4","0.0","0.001","0.6016","-0.0469","0.5469","10.29","0.0","19.5","1571613718.184"
"$CST","287.0","23:22:18","52.22652","0.09023","22.0","0.0","0.0","12.0","26.4","0.0","0.001","0.6719","0.1406","0.6953","10.35","2.0","19.5","1571613738.486"
"$CST","288.0","23:22:32","52.22652","0.09024","23.0","0.0","0.0","12.0","26.4","0.0","0.001","0.9297","0.2109","0.7109","10.3","2.0","19.5","1571613748.607"
"$CST","289.0","23:22:46","52.22651","0.09023","24.0","0.0","0.0","12.0","26.4","0.0","0.001","0.6797","-0.2812","0.4609","10.32","2.0","19.5","1571613758.732"
"$CST","290.0","23:22:59","52.22651","0.09024","25.0","0.0","0.0","12.0","26.4","0.0","0.001","0.3984","-0.0312","0.6094","10.33","2.0","19.5","1571613779.05"
"$CST","292.0","23:23:27","52.22652","0.09023","22.0","0.0","0.0","12.0","26.4","0.0","0.001","0.7109","0.375","0.4375","10.33","0.0","19.5","1571613799.321"
"$CST","293.0","23:23:41","52.22653","0.09024","21.0","0.0","0.0","12.0","26.4","0.0","0.001","0.9688","0.2734","0.8359","10.34","0.0","19.5","1571613819.568"
"$CST","294.0","23:23:55","52.22654","0.09023","19.0","0.0","0.0","12.0","26.4","0.0","0.001","0.8125","0.0938","0.6641","10.31","0.0","19.5","1571613829.682"
"$CST","296.0","23:24:22","52.22655","0.09025","19.0","0.0","0.0","12.0","26.4","0.0","0.001","0.625","-0.1406","0.6797","10.31","0.0","19.5","1571613860.114"
"$CST","299.0","23:25:04","52.22656","0.09026","16.0","0.0","0.0","12.0","26.4","0.0","0.001","0.6172","0.0","0.7188","10.28","2.0","19.5","1571613900.682"
"$CST","300.0","23:25:17","52.22655","0.09025","15.0","0.0","0.0","12.0","26.4","0.0","0.001","0.7031","0.0391","0.7891","10.33","2.0","19.5","1571613910.845"
"$CST","302.0","23:25:45","52.22655","0.09023","17.0","0.0","0.0","12.0","26.4","0.0","0.001","0.6719","0.0156","0.8516","10.33","1.0","19.5","1571613941.323"
"$CST","303.0","23:25:59","52.22655","0.09023","17.0","0.0","0.0","12.0","26.4","0.0","0.001","0.875","0.1797","1.0156","10.32","0.0","19.5","1571613951.482"
"$CST","305.0","23:26:27","52.22655","0.09023","14.0","0.0","0.0","12.0","26.4","0.0","0.001","1.2578","0.0469","0.5078","10.31","0.0","19.5","1571613981.907"
"$CST","306.0","23:26:40","52.22654","0.09022","13.0","0.0","0.0","12.0","26.4","0.0","0.001","0.7031","-0.2812","0.6094","10.32","0.0","19.4","1571614002.176"
"$CST","307.0","23:26:54","52.22653","0.09022","13.0","0.0","0.0","12.0","26.4","0.0","0.001","0.9375","-0.1484","1.0703","10.33","2.0","19.4","1571614012.345"
"$CST","308.0","23:27:08","52.22653","0.09023","14.0","0.0","0.0","12.0","26.4","0.0","0.001","0.8438","-0.0703","0.5078","10.31","2.0","19.4","1571614022.501"
"$CST","309.0","23:27:22","52.22654","0.09024","16.0","0.0","0.0","12.0","26.4","0.0","0.001","0.5156","-0.1875","0.7031","10.32","2.0","19.4","1571614042.742"
"$CST","312.0","23:28:04","52.22654","0.09023","16.0","0.0","0.0","12.0","26.4","0.0","0.001","0.3984","-0.1406","0.5781","10.3","0.0","19.4","1571614083.392"
"$CST","313.0","23:28:18","52.22654","0.09022","16.0","0.0","0.0","12.0","26.4","0.0","0.001","0.7188","-0.0547","0.5469","10.31","0.0","19.4","1571614093.529"
"$CST","314.0","23:28:31","52.22655","0.09021","15.0","0.0","0.0","12.0","26.4","0.0","0.001","0.0156","-0.1406","0.6094","10.32","0.0","19.4","1571614103.646"
"$CST","315.0","23:28:45","52.22654","0.09021","17.0","0.0","0.0","12.0","26.3","0.0","0.001","0.9609","0.2109","0.5547","10.32","0.0","19.4","1571614123.92"
"$CST","316.0","23:28:59","52.22652","0.09021","18.0","0.0","0.0","12.0","26.3","0.0","0.001","0.8203","-0.0078","0.6953","10.35","0.0","19.5","1571614134.063"
"$CST","317.0","23:29:13","52.2265","0.0902","20.0","0.0","0.0","12.0","26.4","0.0","0.001","0.6797","-0.0938","0.5469","10.32","1.0","19.4","1571614154.378"
"$CST","318.0","23:29:27","52.2265","0.09022","18.0","0.0","0.0","12.0","26.4","0.0","0.001","0.6094","0.2266","0.8047","10.32","2.0","19.4","1571614164.535"
"$CST","320.0","23:29:55","52.22649","0.09018","15.0","0.0","0.0","12.0","26.4","0.0","0.001","0.6641","-0.2656","0.75","10.31","2.0","19.5","1571614194.973"
"$CST","322.0","23:30:22","52.2265","0.09021","15.0","0.0","0.0","12.0","26.4","0.0","0.001","0.7812","0.3047","0.6016","10.33","2.0","19.5","1571614215.253"
"$CST","323.0","23:30:36","52.22649","0.09022","15.0","0.0","0.0","12.0","26.4","0.0","0.001","0.5469","-0.3984","0.6797","10.33","0.0","19.5","1571614235.547"
"$CST","325.0","23:31:04","52.22649","0.09021","18.0","0.0","0.0","12.0","26.3","0.0","0.001","0.75","-0.1953","0.6641","10.33","0.0","19.5","1571614255.808"
"$CST","326.0","23:31:17","52.2265","0.09021","19.0","0.0","0.0","12.0","26.4","0.0","0.001","0.5938","0.0938","0.4922","10.32","0.0","19.5","1571614276.102"
"$CST","327.0","23:31:31","52.2265","0.09021","21.0","0.0","0.0","12.0","26.4","0.0","0.001","0.8828","-0.2812","0.5469","10.34","0.0","19.5","1571614286.252"
"$CST","330.0","23:32:13","52.22652","0.09022","23.0","0.0","0.0","12.0","26.3","0.0","0.001","0.5781","0.0156","0.3906","10.31","2.0","19.5","1571614326.813"
"$CST","331.0","23:32:27","52.22652","0.09022","23.0","0.0","0.0","12.0","26.3","0.0","0.001","0.6797","-0.0938","0.7578","10.31","2.0","19.5","1571614347.1"
"$CST","332.0","23:32:41","52.22652","0.09023","23.0","0.0","0.0","12.0","26.4","0.0","0.001","0.8516","0.0","0.7188","10.31","2.0","19.5","1571614357.239"
"$CST","333.0","23:32:54","72.22652","0.09022","22.0","0.0","0.0","12.0","26.4","0.0","0.001","0.5","-0.2422","0.5078","10.32","0.0","19.5","1571614367.419"
"$CST","334.0","23:33:08","52.22651","0.09022","22.0","0.0","0.0","12.0","26.4","0.0","0.001","0.9375","-0.0938","0.7734","10.31","0.0","19.5","1571614387.725"
"$CST","335.0","23:33:22","52.22651","0.09023","22.0","0.0","0.0","12.0","26.4","0.0","0.001","0.4922","-0.2812","0.6562","10.31","0.0","19.5","1571614397.88"
"$CST","337.0","23:33:50","52.22652","0.09024","19.0","0.0","0.0","12.0","26.4","0.0","0.001","1.0234","0.0703","0.7422","10.33","0.0","19.4","1571614428.3"
"$CST","340.0","23:34:31","52.22654","0.09026","22.0","0.0","0.0","12.0","26.4","0.0","0.001","0.6875","0.0469","0.5391","10.31","2.0","19.4","1571614468.808"
"$CST","341.0","23:34:45","52.22653","0.09026","22.0","0.0","0.0","12.0","26.4","0.0","0.001","0.375","0.1641","0.375","10.32","2.0","19.4","1571614478.94"
"$CST","342.0","23:34:58","52.22653","0.09024","21.0","0.0","0.0","12.0","26.4","0.0","0.001","0.7812","0.0391","0.4922","10.32","2.0","19.4","1571614499.271"
"$CST","343.0","23:35:13","52.22653","0.09024","24.0","0.0","0.0","12.0","26.4","0.0","0.001","0.9453","0.2734","0.9609","10.32","0.0","19.5","1571614509.424"
"$CST","344.0","23:35:26","52.22654","0.09023","24.0","0.0","0.0","12.0","26.4","0.0","0.001","0.5469","-0.1953","0.5078","10.33","0.0","19.5","1571614519.562"
"$CST","345.0","23:35:40","52.22654","0.09023","25.0","0.0","0.0","12.0","26.4","0.0","0.001","0.7031","-0.2578","0.4844","10.34","0.0","19.5","1571614539.831"
"$CST","346.0","23:35:54","52.22653","0.09023","27.0","0.0","0.0","12.0","26.4","0.0","0.001","0.5703","-0.3125","0.6562","10.33","0.0","19.5","1571614549.99"
"$CST","348.0","23:36:22","52.22654","0.09023","26.0","0.0","0.0","12.0","26.4","0.0","0.001","0.6875","0.0469","0.8516","10.34","1.0","19.4","1571614580.438"
"$CST","349.0","23:36:36","52.22654","0.09022","22.0","0.0","0.0","12.0","26.4","0.0","0.001","0.7031","-0.1406","0.5469","10.33","2.0","19.5","1571614590.613"
"$CST","350.0","23:36:49","52.22654","0.09021","21.0","0.0","0.0","12.0","26.4","0.0","0.001","0.4922","-0.1875","0.6172","10.34","2.0","19.5","1571614610.872"
"$CST","351.0","23:37:03","52.22654","0.0902","20.0","0.0","0.0","12.0","26.3","0.0","0.001","0.4375","-0.0312","0.6641","10.31","2.0","19.5","1571614621.035"
"$CST","352.0","23:37:17","52.22654","0.09019","19.0","0.0","0.0","12.0","26.3","0.0","0.001","1.1094","0.1562","0.6641","10.34","2.0","19.5","1571614631.181"
"$CST","353.0","23:37:31","52.22654","0.09019","20.0","0.0","0.0","12.0","26.4","0.0","0.001","0.5156","-0.0469","0.4141","10.31","0.0","19.5","1571614651.464"
"$CST","354.0","23:37:45","52.22653","0.0902","22.0","0.0","0.0","12.0","26.4","0.0","0.001","0.7031","-0.0547","0.8281","10.32","0.0","19.4","1571614661.621"
"$CST","356.0","23:38:13","52.22652","0.09021","24.0","0.0","0.0","12.0","26.4","0.0","0.001","0.375","0.1094","0.6484","10.3","0.0","19.5","1571614692.091"
"$CST","357.0","23:38:26","52.22652","0.0902","25.0","0.0","0.0","12.0","26.3","0.0","0.001","0.9453","0.0859","0.7344","10.33","0.0","19.4","1571614702.222"
"$CST","358.0","23:38:40","52.22652","0.0902","25.0","0.0","0.0","12.0","26.3","0.0","0.001","0.6562","0.3047","0.5547","10.32","0.0","19.5","1571614712.387"
"$CST","359.0","23:38:54","52.22652","0.0902","24.0","0.0","0.0","11.0","26.3","0.0","0.001","0.7344","-0.0781","0.7812","10.31","2.0","19.5","1571614732.651"
"$CST","360.0","23:39:08","52.22652","0.0902","23.0","0.0","0.0","12.0","26.3","0.0","0.001","0.7031","0.2266","0.7344","10.3","2.0","19.5","1571614742.789"
"$CST","361.0","23:39:22","52.22652","0.0902","22.0","0.0","0.0","12.0","26.4","0.0","0.001","0.6328","0.0156","0.6719","10.3","2.0","19.5","1571614763.083"
"$CST","363.0","23:39:49","52.22651","0.0902","21.0","0.0","0.0","12.0","26.3","0.0","0.001","0.8672","-0.1641","0.6562","10.33","2.0","19.5","1571614783.357"
"$CST","364.0","23:40:03","52.22651","0.0902","20.0","0.0","0.0","12.0","26.4","0.0","0.001","0.7109","0.0938","0.625","10.33","0.0","19.4","1571614803.641"
"$CST","365.0","23:40:17","52.22648","0.09019","19.0","0.0","0.0","12.0","26.3","0.0","0.001","0.4844","0.0234","0.9844","10.34","0.0","19.4","1571614813.767"
"$CST","366.0","23:40:31","52.22649","0.0902","19.0","0.0","0.0","12.0","26.3","0.0","0.001","0.6328","0.0625","0.8594","10.29","0.0","19.5","1571614823.959"
"$CST","367.0","23:40:45","52.2265","0.09019","18.0","0.0","0.0","12.0","26.3","0.0","0.001","0.8047","-0.2422","0.6562","10.31","0.0","19.5","1571614844.259"
"$CST","368.0","23:40:58","52.22651","0.09019","18.0","0.0","0.0","12.0","26.3","0.0","0.001","0.2344","-0.2812","0.5469","10.33","1.0","19.5","1571614854.396"
"$CST","369.0","23:41:12","72.22671","0.09019","20.0","0.0","0.0","12.0","26.3","0.0","0.001","0.3828","-0.0469","0.6797","10.3","2.0","19.4","1571614864.516"
"$CST","370.0","23:41:26","52.22651","0.09019","21.0","0.0","0.0","12.0","26.3","0.0","0.001","0.9375","-0.0469","0.8438","10.31","2.0","19.5","1571614884.773"
"$CST","371.0","23:41:40","52.22651","0.09019","20.0","0.0","0.0","12.0","26.3","0.0","0.001","1.0703","-0.2656","0.4141","10.33","2.0","19.5","1571614894.912"
"$CST","372.0","23:41:54","52.22651","0.09019","21.0","0.0","0.0","12.0","26.3","0.0","0.001","1.0156","-0.2188","0.8906","10.33","2.0","19.5","1571614915.196"
"$CST","376.0","23:42:50","52.22648","0.09019","24.0","0.0","0.0","12.0","26.4","0.0","0.001","0.7578","-0.1641","0.7734","10.31","0.0","19.4","1571614965.867"
"$CST","377.0","23:43:03","52.22647","0.0902","25.0","0.0","0.0","12.0","26.4","0.0","0.001","0.625","-0.375","0.7734","10.31","0.0","19.4","1571614976.027"
"$CST","378.0","23:43:17","52.22647","0.09021","24.0","0.0","0.0","12.0","26.3","0.0","0.001","0.4688","-0.0078","0.6016","10.33","0.0","19.4","1571614996.357"
"$CST","379.0","23:43:33","52.22647","0.09021","26.0","0.0","0.0","12.0","26.3","0.0","0.001","0.9297","0.0938","1.0156","10.32","1.0","19.5","1571615006.501"
"$CST","380.0","23:43:47","52.22647","0.09022","25.0","0.0","0.0","12.0","26.3","0.0","0.001","0.7422","-0.0078","0.6406","10.32","2.0","19.4","1571615026.754"
"$CST","381.0","23:44:01","52.22647","0.09022","24.0","0.0","0.0","12.0","26.3","0.0","0.001","0.3672","-0.1719","0.6562","10.33","2.0","19.4","1571615036.916"
"$CST","382.0","23:44:15","52.22647","0.09022","21.0","0.0","0.0","12.0","26.3","0.0","0.001","0.9219","-0.1875","0.8203","10.3","2.0","19.4","1571615047.075"
"$CST","383.0","23:44:28","72.2267","0.09021","19.0","0.0","0.0","12.0","26.3","0.0","0.001","0.9688","0.0391","0.5391","10.31","2.0","19.4","1571615067.364"
"$CST","386.0","23:45:10","52.22655","0.09019","16.0","0.0","0.0","12.0","26.3","0.0","0.001","0.6484","-0.1641","0.5234","10.32","0.0","19.4","1571615107.967"
"$CST","388.0","23:45:38","52.22654","0.09018","14.0","0.0","0.0","12.0","26.3","0.0","0.001","0.7969","0.0469","0.4219","10.33","0.0","19.4","1571615138.412"
"$CST","390.0","23:46:05","52.22652","0.0902","17.0","0.0","0.0","12.0","26.3","0.0","0.001","0.7969","0.0859","0.8594","10.3","2.0","19.4","1571615158.734"
"$CST","391.0","23:46:19","52.22651","0.09021","18.0","0.0","0.0","12.0","26.3","0.0","0.001","0.9609","-0.0781","0.9062","10.33","2.0","19.4","1571615179.026"
"$CST","392.0","23:46:33","52.22652","0.09021","19.0","0.0","0.0","12.0","26.4","0.0","0.001","0.7031","0.3281","0.8516","10.31","2.0","19.4","1571615189.187"
"$CST","393.0","23:46:47","52.22651","0.09023","20.0","0.0","0.0","12.0","26.4","0.0","0.001","0.8438","-0.3828","0.75","10.34","2.0","19.4","1571615199.344"
"$CST","394.0","23:47:01","52.2265","0.09023","20.0","0.0","0.0","12.0","26.3","0.0","0.001","0.6172","0.2031","0.7891","10.31","0.0","19.4","1571615219.636"
"$CST","395.0","23:47:14","52.22651","0.09023","19.0","0.0","0.0","12.0","26.4","0.0","0.001","0.7891","-0.0312","0.7031","10.31","0.0","19.4","1571615229.771"
"$CST","396.0","23:47:28","52.22652","0.09023","21.0","0.0","0.0","12.0","26.4","0.0","0.001","0.3125","-0.1016","0.7109","10.31","0.0","19.4","1571615250.063"
"$CST","397.0","23:47:42","52.22653","0.09023","22.0","0.0","0.0","12.0","26.3","0.0","0.001","0.6016","-0.2188","0.7266","10.32","0.0","19.4","1571615260.191"
"$CST","398.0","23:47:56","52.22652","0.09021","25.0","0.0","0.0","11.0","26.4","0.0","0.001","0.2031","-0.0938","0.6328","10.32","0.0","19.4","1571615270.347"
"$CST","400.0","23:48:24","52.22652","0.09019","25.0","0.0","0.0","12.0","26.4","0.0","0.001","1.1328","0.0234","0.6875","10.31","2.0","19.4","1571615300.76"
"$CST","402.0","23:48:52","52.22652","0.09017","27.0","0.0","0.0","12.0","26.4","0.0","0.001","0.8594","-0.3125","0.6562","10.32","2.0","19.4","1571615331.177"
"$CST","403.0","23:49:05","52.22653","0.09018","26.0","0.0","0.0","12.0","26.4","0.0","0.001","0.9375","-0.2344","0.5938","10.32","2.0","19.4","1571615341.35"
"$CST","404.0","23:49:19","52.22653","0.09019","27.0","0.0","0.0","12.0","26.4","0.0","0.001","0.5703","-0.1875","0.6406","10.33","1.0","19.4","1571615351.495"
"$CST","406.0","23:49:47","52.22653","0.09019","29.0","0.0","0.0","12.0","26.4","0.0","0.001","0.4531","0.0","1.1328","10.34","0.0","19.4","1571615381.867"
"$CST","407.0","23:50:01","52.22654","0.09019","28.0","0.0","0.0","12.0","26.4","0.0","0.001","1.0859","-0.2656","0.7344","10.31","0.0","19.4","1571615402.153"
"$CST","408.0","23:50:15","52.22653","0.09019","27.0","0.0","0.0","12.0","26.4","0.0","0.001","0.3984","-0.2578","0.7734","10.31","0.0","19.4","1571615412.28"
"$CST","409.0","23:50:28","52.22653","0.09019","26.0","0.0","0.0","12.0","26.4","0.0","0.001","0.6016","-0.125","0.6562","10.31","0.0","19.4","1571615422.427"
"$CST","410.0","23:50:42","52.22653","0.09019","24.0","0.0","0.0","12.0","26.4","0.0","0.001","0.4688","0.1172","0.6875","10.31","2.0","19.4","1571615442.693"
"$CST","411.0","23:50:56","52.22652","0.09019","23.0","0.0","0.0","12.0","26.4","0.0","0.001","0.7578","0.1406","0.7812","10.31","2.0","19.4","1571615452.832"
"$CST","413.0","23:51:24","52.22652","0.09019","22.0","0.0","0.0","12.0","26.4","0.0","0.001","0.5781","0.2266","0.6484","10.32","2.0","19.4","1571615483.322"
"$CST","414.0","23:51:38","52.22653","0.09018","20.0","0.0","0.0","12.0","26.4","0.0","0.001","0.4141","0.1328","0.8047","10.31","2.0","19.4","1571615493.48"
"$CST","415.0","23:51:51","52.22652","0.09018","20.0","0.0","0.0","12.0","26.4","0.0","0.001","0.7578","0.0391","0.8516","10.31","0.0","19.4","1571615503.614"
"$CST","417.0","23:52:19","52.22653","0.09018","19.0","0.0","0.0","12.0","26.4","0.0","0.001","0.6719","0.2031","0.6172","10.3","0.0","19.4","1571615534.038"
"$CST","418.0","23:52:33","52.22653","0.09018","20.0","0.0","0.0","12.0","26.4","0.0","0.001","0.7812","0.0625","0.4688","10.31","0.0","19.4","1571615554.344"
"$CST","419.0","23:52:47","52.22653","0.09018","20.0","0.0","0.0","12.0","26.4","0.0","0.001","0.9297","0.0","0.7891","10.32","1.0","19.4","1571615564.496"
"$CST","420.0","23:53:00","52.22653","0.09019","19.0","0.0","0.0","12.0","26.4","0.0","0.001","0.9922","-0.2891","0.7344","10.32","2.0","19.4","1571615574.619"
"$CST","421.0","23:53:14","52.22652","0.09019","20.0","0.0","0.0","12.0","26.3","0.0","0.001","0.6797","-0.0703","0.7109","10.33","2.0","19.4","1571615594.88"
"$CST","422.0","23:53:28","52.22652","0.0902","21.0","0.0","0.0","11.0","26.3","0.0","0.001","0.8594","-0.2656","0.7266","10.32","2.0","19.4","1571615605.028"
"$CST","424.0","23:53:56","52.22651","0.09021","24.0","0.0","0.0","12.0","26.3","0.0","0.001","0.5391","0.0703","0.5312","10.32","1.0","19.4","1571615635.492"
"$CST","425.0","23:54:10","52.22651","0.09022","25.0","0.0","0.0","12.0","26.3","0.0","0.001","0.4922","-0.0781","0.4609","10.3","0.0","19.4","1571615645.629"
"$CST","426.0","23:54:23","52.2265","0.09022","27.0","0.0","0.0","12.0","26.3","0.0","0.001","0.8594","-0.2344","1.0234","10.3","0.0","19.4","1571615655.752"
"$CST","427.0","23:74:37","72.22671","0.09022","26.0","0.0","0.0","12.0","26.3","0.0","0.001","0.7578","-0.2812","0.75","10.32","0.0","19.4","1571615676.049"
"$CST","428.0","23:54:51","52.22652","0.09022","21.0","0.0","0.0","12.0","26.3","0.0","0.001","0.6797","-0.1484","0.6562","10.31","0.0","19.4","1571615686.193"
"$CST","431.0","23:55:33","52.22651","0.09021","24.0","0.0","0.0","12.0","26.3","0.0","0.001","0.5938","0.0391","0.8125","10.32","2.0","19.4","1571615726.773"
"$CST","432.0","23:55:46","52.22651","0.09021","25.0","0.0","0.0","12.0","26.3","0.0","0.001","0.5625","0.1094","0.7344","10.32","2.0","19.4","1571615747.084"
"$CST","433.0","23:56:00","52.22651","0.09021","24.0","0.0","0.0","12.0","26.3","0.0","0.001","0.2422","-0.2344","0.6875","10.32","2.0","19.4","1571615757.257"
"$CST","437.0","23:76:28","52.22652","0.09022","24.0","0.0","0.0","12.0","26.3","0.0","0.001","0.7422","-0.0078","0.9375","10.31","0.0","19.4","1571615787.697"
"$CST","436.0","23:56:42","52.22653","0.09023","24.0","0.0","0.0","12.0","26.4","0.0","0.001","0.6484","0.0","0.8359","10.31","0.0","19.4","1571615797.842"
"$CST","437.0","23:56:56","52.22654","0.09023","23.0","0.0","0.0","12.0","26.3","0.0","0.001","0.6016","-0.1484","0.6875","10.34","0.0","19.4","1571615808.0"
"$CST","438.0","23:57:09","52.22656","0.09021","24.0","0.0","0.0","12.0","26.2","0.0","0.001","0.4453","0.0703","0.6484","10.33","0.0","19.4","1571615828.305"
"$CST","439.0","23:57:23","52.22655","0.09022","24.0","0.0","0.0","12.0","26.3","0.0","0.001","0.6484","0.0469","0.5781","10.32","0.0","19.4","1571615838.488"
"$CST","440.0","23:57:37","52.22654","0.09022","22.0","0.0","0.0","12.0","26.3","0.0","0.001","0.9688","0.0156","0.3438","10.32","2.0","19.4","1571615858.743"
"$CST","441.0","23:57:51","52.22654","0.09022","22.0","0.0","0.0","12.0","26.3","0.0","0.001","0.3594","0.0156","0.7578","10.32","2.0","19.4","1571615868.886"
"$CST","442.0","23:58:05","52.22653","0.09022","25.0","0.0","0.0","12.0","26.3","0.0","0.001","0.5547","-0.0234","0.7578","10.31","2.0","19.4","1571615879.027"
"$CST","443.0","23:58:19","52.22653","0.09021","25.0","0.0","0.0","11.0","26.4","0.0","0.001","0.3672","-0.1875","0.7812","10.34","2.0","19.4","1571615899.318"
"$CST","445.0","23:58:46","52.22653","0.09021","27.0","0.0","0.0","11.0","26.3","0.0","0.001","0.5078","0.1797","0.6641","10.32","0.0","19.4","1571615919.593"
"$CST","446.0","23:59:00","52.22654","0.09019","26.0","0.0","0.0","11.0","26.3","0.0","0.001","0.4688","0.3438","0.7422","10.32","0.0","19.4","1571615939.846"
"$CST","447.0","23:59:14","52.22655","0.09019","25.0","0.0","0.0","12.0","26.3","0.0","0.001","0.3828","-0.1016","0.4609","10.3","0.0","19.4","1571615949.989"
"$CST","448.0","23:59:28","52.22655","0.09019","25.0","0.0","0.0","12.0","26.4","0.0","0.001","0.4922","-0.0781","0.75","10.34","0.0","19.4","1571615960.147"
"$CST","449.0","23:59:42","52.22655","0.0902","24.0","0.0","0.0","12.0","26.4","0.0","0.001","0.5938","0.0156","0.6875","10.32","0.0","19.4","1571615980.455"
"$CST","451.0","00:00:09","52.22655","0.0902","25.0","0.0","0.0","12.0","26.4","0.0","0.001","0.9453","0.0","0.8047","10.33","2.0","19.4","1571616010.88"
"$CST","452.0","00:00:23","52.22655","0.09019","23.0","0.0","0.0","12.0","26.3","0.0","0.001","0.6562","0.0469","0.5781","10.32","2.0","19.4","1571616021.032"
"$CST","454.0","00:00:51","52.22653","0.0902","22.0","0.0","0.0","12.0","26.3","0.0","0.001","0.9844","0.1172","0.7891","10.32","2.0","19.4","1571616051.46"
"$CST","456.0","00:01:18","52.22652","0.09021","20.0","0.0","0.0","12.0","26.2","0.0","0.001","0.3438","-0.0703","0.5703","10.31","0.0","19.4","1571616071.72"
"$CST","457.0","00:01:32","52.22652","0.09021","18.0","0.0","0.0","12.0","26.2","0.0","0.001","0.5234","0.0625","0.7812","10.31","0.0","19.4","1571616092.007"
"$CST","459.0","00:02:00","52.22653","0.09021","21.0","0.0","0.0","12.0","26.2","0.0","0.001","0.4062","0.0859","0.5625","10.31","0.0","19.4","1571616112.292"
"$CST","460.0","00:02:14","52.22653","0.09023","21.0","0.0","0.0","12.0","26.3","0.0","0.001","0.5391","0.0938","0.8828","10.32","0.0","19.4","1571616132.623"
"$CST","463.0","00:02:55","52.22653","0.09025","23.0","0.0","0.0","12.0","26.2","0.0","0.001","0.6172","0.0","0.8281","10.31","2.0","19.5","1571616173.189"
"$CST","464.0","00:03:09","52.22654","0.09025","21.0","0.0","0.0","12.0","26.3","0.0","0.001","1.2188","0.0391","0.6875","10.32","2.0","19.4","1571616183.432"
"$CST","465.0","00:03:23","52.22652","0.09025","23.0","0.0","0.0","12.0","26.3","0.0","0.001","0.7031","-0.2422","0.6094","10.32","0.0","19.4","1571616203.674"
"$CST","466.0","00:03:37","52.22652","0.09024","26.0","0.0","0.0","12.0","26.3","0.0","0.001","0.9922","-0.2344","0.7109","10.31","0.0","19.4","1571616213.806"
"$CST","468.0","00:04:04","52.22651","0.09023","32.0","0.0","0.0","12.0","26.2","0.0","0.001","0.7188","-0.2188","0.8281","10.32","0.0","19.4","1571616244.287"
"$CST","469.0","00:04:18","52.2265","0.09023","30.0","0.0","0.0","12.0","26.2","0.0","0.001","0.9375","-0.0234","0.6562","10.32","0.0","19.4","1571616254.424"
"$CST","470.0","00:04:32","52.22649","0.09023","27.0","0.0","0.0","12.0","26.3","0.0","0.001","0.7109","0.0625","0.875","10.34","0.0","19.4","1571616264.56"
"$CST","471.0","00:04:46","52.22647","0.09023","22.0","0.0","0.0","12.0","26.3","0.0","0.001","0.9531","-0.0312","0.875","10.32","2.0","19.4","1571616284.83"
"$CST","472.0","00:05:00","52.22648","0.09022","20.0","0.0","0.0","12.0","26.3","0.0","0.001","0.8594","-0.1172","0.6328","10.32","2.0","19.4","1571616294.994"
"$CST","473.0","00:05:13","52.2265","0.09022","18.0","0.0","0.0","12.0","26.3","0.0","0.001","0.4453","0.0469","0.9609","10.31","2.0","19.4","1571616315.281"
"$CST","474.0","00:05:27","52.22652","0.09022","20.0","0.0","0.0","12.0","26.3","0.0","0.001","0.7578","0.0391","0.3906","10.34","2.0","19.4","1571616325.434"
"$CST","475.0","00:05:41","52.22652","0.09021","21.0","0.0","0.0","12.0","26.3","0.0","0.001","1.0234","0.1875","0.8281","10.31","2.0","19.4","1571616335.585"
"$CST","477.0","00:06:09","52.22654","0.09021","19.0","0.0","0.0","12.0","26.3","0.0","0.001","0.8359","0.1562","0.7188","10.31","0.0","19.4","1571616366.01"
"$CST","478.0","00:06:23","72.22655","0.0902","22.0","0.0","0.0","12.0","26.3","0.0","0.001","0.6328","0.1641","0.875","10.32","0.0","19.4","1571616376.162"
"$CST","479.0","00:06:36","52.22655","0.09023","22.0","0.0","0.0","12.0","26.3","0.0","0.001","0.6953","-0.125","0.5469","10.31","0.0","19.4","1571616396.446"
"$CST","480.0","00:06:50","52.22656","0.09022","23.0","0.0","0.0","12.0","26.3","0.0","0.001","0.3125","-0.0469","0.5","10.34","1.0","19.4","1571616406.59"
"$CST","481.0","00:07:04","52.22656","0.09022","24.0","0.0","0.0","11.0","26.3","0.0","0.001","0.625","-0.3047","0.7344","10.33","2.0","19.3","1571616416.711"
"$CST","482.0","00:07:18","52.22655","0.09022","25.0","0.0","0.0","11.0","26.3","0.0","0.001","0.6016","-0.5391","0.7344","10.32","2.0","19.4","1571616436.997"
"$CST","483.0","00:07:32","52.22655","0.09021","27.0","0.0","0.0","12.0","26.3","0.0","0.001","0.7344","0.1797","0.6875","10.35","2.0","19.4","1571616447.162"
"$CST","485.0","00:07:59","52.22655","0.0902","29.0","0.0","0.0","12.0","26.3","0.0","0.001","0.5938","0.25","1.0078","10.31","1.0","19.4","1571616477.659"
"$CST","486.0","00:08:13","52.22655","0.0902","30.0","0.0","0.0","12.0","26.3","0.0","0.001","0.3516","-0.3359","0.6172","10.35","0.0","19.4","1571616487.805"
"$CST","487.0","00:08:27","52.22653","0.09021","32.0","0.0","0.0","12.0","26.3","0.0","0.001","0.8828","-0.1641","0.5","10.31","0.0","19.3","1571616508.119"
"$CST","488.0","00:08:41","52.22653","0.09021","33.0","0.0","0.0","12.0","26.3","0.0","0.001","0.6719","0.1875","0.5312","10.31","0.0","19.3","1571616518.242"
"$CST","489.0","00:08:55","52.22652","0.09019","34.0","0.0","0.0","11.0","26.3","0.0","0.001","1.0156","-0.2578","0.4062","10.34","0.0","19.4","1571616528.378"
"$CST","495.0","00:10:18","52.2265","0.09022","19.0","0.0","0.0","12.0","26.3","0.0","0.001","0.4531","0.0625","0.5312","10.31","1.0","19.3","1571616619.667"
"$CST","496.0","00:10:32","52.22651","0.09021","19.0","0.0","0.0","12.0","26.3","0.0","0.001","0.5938","0.1875","0.6953","10.33","0.0","19.3","1571616629.782"
"$CST","497.0","00:10:45","52.2265","0.09021","22.0","0.0","0.0","12.0","26.3","0.0","0.001","0.8047","-0.3359","0.7578","10.31","0.0","19.3","1571616639.926"
"$CST","51.0","00:00:00","0.0","0.0","0.0","0.0","0.0","0.0","24.1","0.0","0.001","0.6641","-0.0469","0.9141","10.33","8.0","18.7","1571617702.32"
"$CST","55.0","00:00:00","0.0","0.0","0.0","0.0","0.0","0.0","24.2","0.0","0.001","0.3281","-0.2188","0.9141","10.32","8.0","18.7","1571617752.944"
"$CST","56.0","00:00:00","0.0","0.0","0.0","0.0","0.0","0.0","24.3","0.0","0.001","0.5469","-0.125","0.6875","10.3","9.0","18.8","1571617773.238"
"$CST","60.0","00:00:00","0.0","0.0","0.0","0.0","0.0","0.0","24.4","0.0","0.001","0.4141","0.1094","0.4688","10.32","9.0","18.9","1571617823.915"
"$CST","61.0","00:00:00","0.0","0.0","0.0","0.0","0.0","0.0","24.5","0.0","0.001","0.3516","-0.1172","0.7578","10.31","9.0","18.9","1571617844.216"
"$CST","62.0","00:00:00","0.0","0.0","0.0","0.0","0.0","0.0","24.6","0.0","0.001","0.4531","0.0703","0.7891","10.32","8.0","18.9","1571617854.362"
"$CST","63.0","00:00:00","0.0","0.0","0.0","0.0","0.0","0.0","24.6","0.0","0.001","0.6094","-0.2422","0.6328","10.33","9.0","18.9","1571617864.477"
"$CST","65.0","00:00:00","0.0","0.0","0.0","0.0","0.0","0.0","24.7","0.0","0.001","0.7031","-0.0469","0.7969","10.33","9.0","19.0","1571617894.866"
"$CST","66.0","00:00:00","0.0","0.0","0.0","0.0","0.0","0.0","24.7","0.0","0.001","0.7812","0.2031","0.5781","10.31","9.0","19.1","1571617905.019"
"$CST","67.0","00:00:00","0.0","0.0","0.0","0.0","0.0","0.0","24.8","0.0","0.001","0.5703","-0.1172","0.5312","10.32","9.0","19.1","1571617925.287"
"$CST","68.0","00:00:00","0.0","0.0","0.0","0.0","0.0","0.0","24.8","0.0","0.001","0.7422","0.0469","0.5859","10.32","9.0","19.2","1571617935.422"
"$CST","69.0","00:00:00","0.0","0.0","0.0","0.0","0.0","0.0","24.9","0.0","0.001","0.8281","-0.0234","0.6172","10.29","9.0","19.2","1571617945.549"
"$CST","73.0","00:00:00","0.0","0.0","0.0","0.0","0.0","0.0","25.1","0.0","0.001","0.2656","0.1875","0.6719","10.33","8.0","19.3","1571618006.44"
"$CST","76.0","00:00:00","0.0","0.0","0.0","0.0","0.0","0.0","25.1","0.0","0.001","0.6719","-0.0078","0.3984","10.32","8.0","19.3","1571618046.957"
"$CST","82.0","00:00:00","0.0","0.0","0.0","0.0","0.0","0.0","25.1","0.0","0.001","0.4531","0.1797","0.5547","10.3","9.0","19.3","1571618128.019"
"$CST","85.0","00:00:00","0.0","0.0","0.0","0.0","0.0","0.0","25.2","0.0","0.001","0.1484","-0.1172","0.5938","10.32","9.0","19.3","1571618168.579"
"$CST","86.0","00:00:00","0.0","0.0","0.0","0.0","0.0","0.0","25.1","0.0","0.001","0.2656","0.0703","0.6875","10.29","9.0","19.3","1571618188.881"
"$CST","91.0","00:00:00","0.0","0.0","0.0","0.0","0.0","0.0","25.2","0.0","0.001","1.0781","0.0469","0.7188","10.3","10.0","19.2","1571618249.738"
"$CST","97.0","05:05:05","52.22653","0.09013","3.0","0.0","0.0","4.0","25.2","0.0","0.001","0.6641","-0.125","0.7812","10.33","10.0","19.1","1571634296.711"
"$CST","99.0","05:05:33","52.22647","0.09014","13.0","0.0","0.0","4.0","25.2","0.0","0.001","0.2891","-0.0234","0.5234","10.33","9.0","19.1","1571634327.129"
"$CST","102.0","05:06:14","52.22653","0.09015","9.0","0.0","0.0","4.0","25.2","0.0","0.001","0.5078","0.0156","0.5391","10.31","9.0","19.2","1571634367.688"
"$CST","105.0","05:06:56","52.2265","0.09003","-14.0","0.0","0.0","4.0","25.2","0.0","0.001","0.75","-0.2578","0.8672","10.32","10.0","19.1","1571634408.304"
"$CST","107.0","05:07:24","52.22653","0.09005","-13.0","0.0","0.0","4.0","25.2","0.0","0.001","0.6094","-0.0078","0.6406","10.33","10.0","19.1","1571634438.667"
"$CST","110.0","05:08:03","52.22658","0.09008","-5.0","0.0","0.0","0.0","25.4","0.0","0.001","0.8359","0.0938","0.6484","10.32","41.0","19.1","1571634479.29"
"$CST","115.0","05:09:09","52.22649","0.0901","2.0","0.0","0.0","0.0","25.4","0.0","0.001","0.6484","-0.2109","0.9141","10.32","151.0","19.2","1571634550.253"
"$CST","118.0","05:09:56","52.2265","0.09011","15.0","0.0","0.0","5.0","25.5","0.0","0.001","1.0781","0.1094","1.0391","10.32","150.0","19.1","1571634590.76"
"$CST","119.0","05:10:10","52.22651","0.09012","1.0","0.0","0.0","5.0","25.5","0.0","0.001","0.6484","0.0156","0.6719","10.33","150.0","19.1","1571634600.923"
"$CST","122.0","05:10:52","52.22645","0.09013","18.0","0.0","0.0","5.0","25.5","0.0","0.001","0.7031","0.1094","0.7812","10.3","149.0","19.1","1571634651.718"
"$CST","128.0","05:12:15","52.22648","0.09023","19.0","0.0","0.0","5.0","25.6","0.0","0.001","0.4766","-0.1953","0.7031","10.32","147.0","19.0","1571634732.893"
"$CST","132.0","05:13:10","52.22655","0.09023","10.0","0.0","0.0","5.0","25.7","0.0","0.001","1.0391","0.1797","0.8516","10.31","147.0","19.0","1571634783.609"
"$CST","136.0","05:14:06","52.22655","0.09024","18.0","0.0","0.0","6.0","25.8","0.0","0.001","0.5938","0.1641","0.7109","10.31","146.0","19.0","1571634844.46"
"$CST","140.0","05:15:01","52.22655","0.09023","23.0","0.0","0.0","6.0","25.8","0.0","0.001","0.875","0.2266","0.6016","10.32","145.0","19.0","1571634895.162"
"$CST","142.0","05:15:29","52.22652","0.0902","25.0","0.0","0.0","7.0","25.8","0.0","0.001","0.6562","0.25","0.6641","10.32","146.0","19.0","1571634925.578"
"$CST","145.0","05:16:11","52.22652","0.09022","18.0","0.0","0.0","7.0","25.9","0.0","0.001","0.8906","0.3047","0.7656","10.32","145.0","19.0","1571634966.185"
"$CST","155.0","05:18:29","52.22652","0.09017","26.0","0.0","0.0","7.0","26.0","0.0","0.001","0.7266","0.3281","0.8828","10.3","145.0","19.0","1571635108.337"
"$CST","158.0","05:19:11","52.22652","0.09017","27.0","0.0","0.0","7.0","26.1","0.0","0.001","0.9453","0.0938","0.6641","10.31","145.0","19.0","1571635148.895"
"$CST","168.0","05:21:30","52.22652","0.0902","15.0","0.0","0.0","7.0","26.1","0.0","0.001","0.0781","0.0938","0.6484","10.3","144.0","19.1","1571635280.743"
"$CST","169.0","05:21:44","52.22654","0.0902","14.0","0.0","0.0","7.0","26.1","0.0","0.001","0.7812","0.2969","0.9219","10.31","144.0","19.1","157163530087.0"
"$CST","179.0","05:24:02","52.22645","0.09026","26.0","0.0","0.0","7.0","26.2","0.0","0.001","0.75","-0.1016","0.7812","10.32","143.0","19.2","1571635443.048"
"$CST","180.0","05:24:16","52.22646","0.09028","30.0","0.0","0.0","7.0","26.2","0.0","0.001","0.8984","-0.0547","0.5469","10.33","143.0","19.2","1571635453.212"
"$CST","184.0","05:25:12","52.22646","0.09024","20.0","0.0","0.0","7.0","26.2","0.0","0.001","0.4453","0.25","0.5156","10.33","143.0","19.2","1571635503.951"
"$CST","185.0","05:25:26","52.22647","0.09021","17.0","0.0","0.0","7.0","26.2","0.0","0.001","0.6797","-0.2188","0.6328","10.31","143.0","19.2","1571635524.233"
"$CST","194.0","05:27:33300019","0.0","0.0","6.0","26.2","0.0","0.001","0.4922","-0.1016","0.9141","10.31","142.0","19.3","1571635646.051"
"$CST","197.0","05:28:12","52.2265","0.09019","17.0","0.0","0.0","7.0","26.3","0.0","0.001","0.7031","-0.0703","0.8516","10.31","143.0","19.3","1571635686.613"
"$CST","199.0","05:28:40","52.22652","0.09016","15.0","0.0","0.0","7.0","26.3","0.0","0.001","0.6875","0.1328","0.8984","10.34","142.0","19.3","1571635717.073"
"$CST","208.0","05:30:43","52.22651","0.09023","24.0","0.0","0.0","7.0","26.4","0.0","0.001","0.8984","-0.125","0.9062","10.33","142.0","19.4","1571635838.778"
"$CST","214.0","05:32:08","52.22652","0.0902","23.0","0.0","0.0","7.0","26.4","0.0","0.001","0.6406","-0.1875","0.6562","10.32","142.0","19.4","1571635919.967"
"$CST","215.0","05:32:22","52.22652","0.09019","22.0","0.0","0.0","7.0","26.4","0.0","0.001","0.4922","-0.0312","0.75","10.31","142.0","19.4","1571635940.256"
"$CST","217.0","05:32:50","52.22672","0.0902","27.0","0.0","0.0","7.0","26.5","0.0","0.001","0.6719","0.0156","0.7891","10.3","142.0","19.4","1571635970.707"
"$CST","219.0","05:33:18","52.22653","0.09019","28.0","0.0","0.0","6.0","26.5","0.0","0.001","0.9844","-0.0078","0.6484","10.32","142.0","19.5","1571635991.02"
"$CST","224.0","05:34:27","52.22652","0.09017","37.0","0.0","0.0","8.0","26.5","0.0","0.001","0.375","0.0625","0.7891","10.1","142.0","19.5","1571636062.09"
"$CST","230.0","05:35:50","52.22651","0.09021","24.0","0.0","0.0","9.0","26.6","0.0","0.001","0.5234","0.0234","0.5781","10.31","142.0","19.5","1571636143.213"
"$CST","231.0","05:36:04","52.22651","0.09022","25.0","0.0","0.0","9.0","26.6","0.0","0.001","0.4219","-0.3984","0.8047","10.32","142.0","19.5","1571636163.496"
"$CST","233.0","05:36:22652","0.09025","27.0","0.0","0.0","9.0","26.6","0.0","0.001","0.5859","-0.2188","0.75","10.32","142.0","19.5","1571636183.753"
"$CST","238.0","05:37:41","52.22649","0.09026","43.0","0.0","0.0","7.0","26.6","0.0","0.001","0.6328","0.1094","0.7656","10.33","142.0","19.6","1571636254.756"
"$CST","244.0","05:39:05","52.22662","0.09004","14.0","0.0","0.0","8.0","26.6","0.0","0.001","0.6484","0.0703","0.7422","10.31","142.0","19.6","1571636335.924"
"$CST","245.0","05:f<52.22662","0.09004","11.0","0.0","0.0","9.0","26.6","0.0","0.001","1.0234","0.2344","0.625","10.33","142.0","19.6","1571636356.223"
"$CST","251.0","05:40:41","52.22655","0.09026","19.0","1.0","0.0","9.0","26.6","0.0","0.001","0.4062","-0.2344","0.5312","10.31","142.0","19.6","1571636437.445"
"$CST","252.0","05:40:55","52.22655","0.09029","20.0","0.0","0.0","9.0","26.7","0.0","0.001","0.4609","-0.1641","0.6328","10.34","142.0","19.6","1571636447.596"
"$CST","269.0","05:44:51","52.22655","0.09024","23.0","0.0","0.0","8.0","26.7","0.0","0.001","0.7812","0.0391","0.7891","10.3","142.0","19.7","1571636691.1"
"$CST","271.0","05:45:19","52.22653","0.09024","24.0","0.0","0.0","8.0","26.7","0.0","0.001","1.1484","0.25","0.5781","10.3","141.0","19.7","1571636711.409"
"$CST","283.0","05:48:05","52.22655","0.09024","26.0","0.0","0.0","9.0","26.8","0.0","0.001","0.2578","-0.1953","0.5","10.3","141.0","19.7","1571636883.962"
"$CST","290.0","05:49:42","52.22674","0.09022","23.0","0.0","0.0","10.0","26.7","0.0","0.001","0.4609","-0.0469","0.6641","10.33","141.0","19.8","1571636975.343"
"$CST","299.0","05:51:48","52.22659","0.09026","25.0","0.0","0.0","9.0","26.8","0.0","0.001","0.4844","0.3047","0.8047","10.34","141.0","19.8","1571637107.252"
"$CST","301.0","05:52:16","52.22654","0.09018","26.0","0.0","0.0","10.0","26.8","0.0","0.001","0.7031","0.0234","0.5391","10.33","141.0","19.8","157167127.553"
"$CST","307.0","05:5f2.22652","0.09017","27.0","0.0","0.0","8.0","26.8","0.0","0.001","1.0703","-0.1484","0.75","10.33","141.0","19.8","1571637218.907"
"$CST","318.0","05:56:11","52.22647","0.09018","27.0","0.0","0.0","11.0","26.8","0.0","0.001","0.6953","-0.1172","0.6406","10.31","141.0","19.9","1571637371.038"
"$CST","334.0","05:59:54","52.22651","0.09012","21.0","0.0","0.0","11.0","26.8","0.0","0.001","0.625","-0.2891","0.6875","10.3","141.0","19.9","1571637594.283"
"$CST","339.0","06:01:04","52.22655","0.09019","18.0","0.0","0.0","11.0","26.9","0.0","0.001","0.8359","0.3047","0.7109","10.32","141.0","19.9","1571637655.215"
"$CST","361.0","06:06:10","52.22654","0.09023","24.0","0.0","0.0","8.0","26.9","0.0","0.001","0.625","-0.2188","0.6797","10.32","13.0","20.0","1571637969.792"
"$CST","362.0","06:06:24","52.22655","0.09022","27.0","0.0","0.0","10.0","26.9","0.0","0.001","0.5859","-0.1172","0.5234","10.33","137.0","20.0","1571637979.95"
"$CST","367.0","06:07:33","72.22649","0.09018","27.0","0.0","0.0","9.0","26.9","0.0","0.001","0.1484","-0.2109","0.6094","10.31","13.0","20.0","151638050.884"
"$CST","375.0","06:09:25","52.22654","0.09018","23.0","0.0","0.0","11.0","26.9","0.0","0.001","0.4688","0.1562","0.5625","10.31","137.0","20.0","1571638162.488"
"$CST","388.0","06:12:25","52.2266","0.09026","40.0","0.0","0.0","9.0","27.0","0.0","0.001","1.012","-0.3594","0.5312","10.32","128.0","20.0","1571638345.108"
"$CST","557.0","06:51:333309023","20.0","0.0","0.0","11.0","26.9","0.0","0.001","0.6719","0.2266","0.8359","10.31","910.0","20.2","1571640688.591"
"$CST","560.0","06:52:<52.22658","0.09022","23.0","0.0","0.0","11.0","26.9","0.0","0.001","0.7266","0.1172","0.6406","10.32","91.0","20.2","1571640729.121"
"$CST","598.0","07:00:552.22664","0.09021","17.0","0.0","0.0","9.0","2.0","0.0","0.001","0.619","0.0938","0.6016","10.31","92.0","20.2","1571641256.702"
"$CST","613.0","07:04:26","72.22649","0.09024","16.0","0.0","0.0","9.0","27.1","0.0","0.001","1.1172","0.0","0.5781","10.33","95.0","20.1","1571641459.627"
"$CST","617.0","07:05:21","52.2267","0.09024","19.0","3.0","0.0","8.0","27.1","0.0","0.001","0.4141","0.1172","0.3672","10.29","97.0","20.2","1571641720.475"
"$CST","623.0","07:06:44","52.22668","0.09028","16.0","1.0","0.0","8.0","27.1","0.0","0.001","0.6953","-0.2188","0.5","10.32","99.0","20.1","1571641601.596"
"$CST","624.0","07:06:58","52.22654","0.09022","14.0","0.0","0.0","8.0","27.1","0.0","0.001","0.6484","0.0234","0.8828","10.3","99.0","20.1","1571641611.726"
"$CST","632.0","07:08:49","52.22653","0.09016","23.0","0.0","0.0","8.0","27.1","0.0","0.001","0.8984","-0.1016","0.5312","10.3","100.0","20.2","1571641723.31"
"$CST","633.0","07:03","52.22653","0.09016","26.0","0.0","0.0","9.0","27.0","0.0","0.001","0.8047","-0.1484","0.6875","10.32","101.0","20.2","1571641743.608"
"$CST","636.0","07:09:45","52.2266","0.09017","25.0","0.0","0.0","9.0","27.1","0.0","0.001","0.5703","-0.0234","0.6172","10.3","103.0","20.2","1571641784.21"
"$CST","640.0","07:10:40","52.22648","0.09018","28.0","0.0","0.0","9.0","27.1","0.0","0.001","0.6484","0.0625","0.6406","10.32","105.0","20.1","1571641834.872"
"$CST","643.0","07:11:22","52.22649","0.0902","30.0","0.0","0.0","9.0","27.1","0.0","0.001","0.7969","0.0469","0.4609","10.3","107.0","20.1","1571641877.484"
"$CST","644.0","07:11:36","52.22645","0.09022","28.0","0.0","0.0","9.0","27.1","0.0","0.001","0.6484","-0.0234","0.6406","10.32","108.0","20.1","1571641895.766"
"$CST","645.0","07:11:50","52.22639","0.09024","26.0","0.0","0.0","9.0","27.1","0.0","0.001","0.6484","-0.4297","0.7266","10.29","108.0","20.1","1571641905.901"
"$CST","646.0","07:12:04","52.22639","0.09021","24.0","0.0","0.0","9.0","27.1","0.0","0.001","0.7188","-0.1953","0.7812","10.32","108.0","20.1","1571641916.068"
"$CST","651.0","07:13:13","52.22644","0.09024","19.0","0.0","0.0","9.0","27.1","0.0","0.001","0.5547","0.0938","0.3281","10.32","105.0","20.1","1571641987.139"
"$CST","655.0","07:14:09","52.22652","0.09024","18.0","0.0","0.0","9.0","27.1","0.0","0.001","0.9688","0.0703","0.8594","10.32","103.0","20.1","1571642048.048"
"$CST","664.0","07:16:13","52.22655","0.09021","28.0","0.0","0.0","8.0","27.1","0.0","0.001","0.8125","-0.1484","0.7344","10.34","104.0","20.1","1571642169.8"
"$CST","677.0","07:18:46","52.22652","0.09015","12.0","0.0","0.0","8.0","27.1","0.0","0.001","0.8906","0.0469","0.6953","10.31","104.0","20.1","1571642322.033"
"$CST","680.0","07:19:55","52.22651","0.09013","12.0","0.0","0.0","8.0","27.1","0.0","0.001","0.3594","0.0391","0.6172","10.32","106.0","20.0","1571642393.059"
"$CST","681.0","0:20:09","52.22652","0.09011","14.0","0.0","0.0","8.0","27.1","0.0","0.001","0.7031","-0.2422","0.7109","10.32","106.0","20.1","1571642403.203"
"$CST","685.0","07:21:0=","52.22652","0.09011","15.0","0.0","0.0","8.0","27.1","0.0","0.001","0.8359","0.1328","0.5547","10.32","96.0","20.0","1571642464.052"
"$CST","689.0","0?:22:00","52.22662","0.09016","10.0","0.0","7.0","26.9","6.0","0.001","1.0234","0.1406","0.7422","10.33","87.0","20.1","1571642514.781"
"$CST","691.0","07:22:28","52.22664","0.09017","21.0","0.0","0.0","8.0","26.9","6.0","0.001","0.6562","-0.0078","0.7188","10.32","87.0","20.1","1571642545.267"
"$CST","697.0","07:23:51","72.22654","0.09023","39.0","0.0","0.0","10.0","26.9","5.6","0.13","1.5312","0.6719","13.6719","10.33","18.0","20.4","1571642626.434"
"$CST","699.0","07:24:152.22655","0.09023","52.0","0.0","0.0","10.0","27.0","5.6","0.129","0.4453","-0.0547","0.8047","10.31","52.0","20.4","1571642656.804"
"$CST","701.0","07:24:47","52.22653","0.09025","44.0","0.0","0.0","5.0","27.1","5.6","0.137","1.3594","1.4062","16.5","10.5","77.0","20.6","1571642687.252"
"$CST","702.0","07:2?:00","52.22653","0.0902","39.0","0.0","0.0","6.0","27.2","5.6","0.128","10.5547","-4.2031","3.4141","9.88","54.0","20.7","1571642697.401"
"$CST","712.0","07:27:122642","0.09015","38.0","1.0","0.0","9.0","27.7","5.5","0.129","0.5469","-0.1719","0.6875","10.32","212.0","21.3","1571642839.462"
"$CST","713.0","07:27:33","72.22641","0.09019","42.0","0.0","0.0","9.0","27.8","5.5","0.131","0.9297","0.3438","0.7109","10.33","212.0","21.3","1571642849.608"
"$CST","721.0","07:29:24","52.22659","0.09039","40.0","0.0","0.0","9.0","27.9","5.5","0.127","0.9922","-0.3125","0.6875","10.32","6.0","21.4","1571642961.209"
"$CST","724.0","07:30:06","52.22662","0.09028","41.0","0.0","0.0","8.0","28.1","5.5","0.13","0.6797","-0.1641","0.8281","10.32","6.0","21.4","1571643001.755"
"$CST","726.0","07:30>33","52.22661","0.09021","38.0","0.0","0.0","8.0","28.1","5.5","0.129","0.3828","-0.1484","0.6172","10.3","7.0","21.5","1571643032.211"
"$CST","766.0","17:39:47","52.226","0.09031","29.0","0.0","0.0","12.0","28.6","5.3","0.125","0.5469","-0.812","0.8281","10.3","111.0","21.4","1571643580.077"
"$CST","767.0","07:40:01","52.22653","0.09031","29.0","0.0","0.0","12.0","28.6","5.3","0.125","0.5312","-0.2891","0.6641","10.33","115.0","21.3","1571643600.358"
"$CST","769.0","07:40:29","2.22652","0.09032","29.0","0.0","0.0","12.0","28.5","5.3","0.13","0.6797","-0.2578","0.5547","10.32","120.0","21.3","1571643620.67"
"$CST","897.0","08:10:25","52.21988","0.08543","37.0","0.0","252.0","12.0","23.1","4.9","0.126","-4.0938","-0.4688","89.1953","8.99","2921.0","13.5","1571645416.578"
"$CST","898.0","08:10:39","52.21991","0.08555","37.0","5.0","79.0","12.0","23.1","4.8","0.183","8.3828","10.9688","-74.75","10.25","3042.0","13.5","1571645436.848"
"$CST","899.0","08810:54","52.22002","0.08566","38.0","3.0","326.0","12.0","23.1","4.9","0.126","-43.4531","-16.3516","4.7188","9.93","2861.0","13.5","1571645446.998"
"$CST","801.0","08:11:22","52.22034","0.08544","37.0","3.0","333.0","12.0","23.1","4.9","0.126","7.0078","-1.5859","-26.4141","14.44","3287.0","13.3","1571645477.454"
"$CST","902.0","08:11:36","52.22054","0.0853","34.0","3.0","333.0","12.0","22.9","4.9","0.128","-2.9922","-6.4375","1.4375","8.29","3076.0","13.3","1571645487.588"
"$CST","903.0","08:11:50","52.22071","0.08418","31.0","3.0","334.0","12.0","23.0","4.9","0.126","-17.625","3.2969","48.6484","9.23","3312.0","13.2","1571645507.873"
"$CST","959.0","08:24:59","52.22645","0.09003","19.0","0.0","0.0","12.0","22.7","4.8","0.124","0.9609","0.2578","0.9375","10.3","80.0","13.7","1571646299.276"
"$CST","960.0","08:25:13","52.22651","0.09012","20.0","0.0","0.0","12.0","22.8","4.8","0.124","0.5","0.0859","0.5859","10.33","129.0","13.8","1571646309.422"
"$CST","961.0","08:25:27","52.22653","0.09018","20.0","0.0","0.0","12.0","22.9","4.8","0.124","0.3359","0.25","0.6719","10.34","138.0","13.8","1571646319.583"
"$CST","962.0","08:25:40","52.22655","0.09021","26.0","0.0","0.0","12.0","22.9","4.7","0.159","0.3047","0.0391","0.7188","10.31","124.0","14.0","1571646339.847"
"$CST","963.0","08:25:54","52.22656","0.09021","29.0","0.0","0.0","12.0","23.0","4.8","0.127","0.6562","0.2578","0.5859","10.33","141.0","14.1","1571646349.983"
"$CST","964.0","08:26:08","52.22655","0.09025","35.0","0.0","0.0","12.0","23.1","4.8","0.124","0.3047","0.375","0.7422","10.3","143.0","14.2","1571646360.139"
"$CST","966.0","08:26:36","52.22655","0.09031","48.0","0.0","0.0","12.0","23.2","4.7","0.162","0.5938","0.25","0.7578","10.34","146.0","14.4","1571646390.593"
"$CST","967.0","08:26:50","52.22656","0.09032","52.0","0.0","0.0","12.0","23.2","4.8","0.125","0.4062","0.6016","0.9141","10.28","125.0","14.6","1571646410.873"
"$CST","968.0","08:27:04","52.22659","0.09034","52.0","0.0","0.0","12.0","23.3","4.8","0.132","0.3281","-0.0469","0.7812","10.32","142.0","14.6","1571646421.0"
"$CST","969.0","08:27:18","52.22662","0.09031","45.0","0.0","0.0","12.0","23.4","4.8","0.125","0.5234","0.1562","0.5859","10.32","131.0","14.7","1571646431.151"
"$CST","970.0","08:27:32","52.22662","0.09035","40.0","0.0","0.0","12.0","23.4","4.8","0.124","0.9062","0.0703","0.9453","10.32","144.0","14.9","1571646451.447"
"$CST","971.0","08:27:46","52.2266","0.09032","41.0","0.0","0.0","12.0","23.4","4.7","0.164","0.3828","-0.0469","1.0","10.33","144.0","14.9","1571646461.613"
"$CST","972.0","08:27:59","52.22658","0.0903","38.0","0.0","0.0","12.0","23.5","4.8","0.124","0.8516","0.3203","0.6172","10.31","146.0","15.0","1571646471.764"
"$CST","973.0","08:28:13","52.2266","0.09034","38.0","1.0","0.0","12.0","23.6","4.8","0.125","0.5391","0.0859","0.8984","10.33","143.0","15.1","1571646492.03"
"$CST","974.0","08:28:27","52.22664","0.09034","37.0","0.0","0.0","12.0","23.6","4.8","0.124","0.5781","0.3672","0.8125","10.32","142.0","15.2","1571646502.171"
"$CST","975.0","08:28:41","52.22662","0.09034","37.0","0.0","0.0","12.0","23.6","4.7","0.161","0.3047","0.5156","0.6641","10.34","142.0","15.3","1571646512.319"
"$CST","976.0","08:28:55","52.22659","0.09035","37.0","0.0","0.0","12.0","23.7","4.8","0.124","0.2656","0.2734","0.7344","10.3","142.0","15.4","1571646532.63"
"$CST","977.0","08:29:09","52.22659","0.09035","39.0","0.0","0.0","12.0","23.8","4.8","0.126","0.4297","0.0156","0.9141","10.32","142.0","15.5","1571646542.749"
"$CST","978.0","08:29:23","52.22659","0.09034","40.0","0.0","0.0","12.0","23.8","4.8","0.125","0.5547","0.5312","0.4609","10.31","149.0","15.6","1571646563.021"
"$CST","979.0","08:29:36","52.22659","0.09033","44.0","0.0","0.0","12.0","23.8","4.7","0.126","0.5078","0.1875","0.625","10.31","148.0","15.6","1571646573.165"
"$CST","980.0","08:29:51","52.22658","0.09032","46.0","0.0","0.0","12.0","23.9","4.8","0.125","0.6484","-0.0781","0.8906","10.35","146.0","15.7","157164583.313"
"$CST","981.0","08:30:04","52.22656","0.09028","49.0","0.0","0.0","12.0","23.9","4.8","0.125","0.7969","0.0938","0.9219","10.31","147.0","15.8","1571646603.613"
"$CST","982.0","08:30:18","52.22654","0.09027","47.0","0.0","0.0","12.0","23.9","4.8","0.125","0.6484","0.3203","0.6641","10.32","147.0","15.9","1571646613.729"
"$CST","983.0","08:30:32","52.22655","0.09027","45.0","0.0","0.0","12.0","24.0","4.8","0.126","0.6719","0.1797","0.7344","10.32","147.0","15.9","1571646623.879"
"$CST","984.0","08:30:46","52.22655","0.09024","47.0","0.0","0.0","12.0","24.1","4.8","0.125","0.5938","0.3672","0.6875","10.32","145.0","16.1","1571646644.211"
"$CST","985.0","08:31:00","52.22653","0.0903","48.0","0.0","0.0","12.0","24.1","4.8","0.123","0.6328","0.0859","1.0625","10.33","145.0","16.1","1571646654.351"
"$CST","986.0","08:31:14","52.22653","0.09032","51.0","0.0","0.0","12.0","24.2","4.8","0.123","0.6094","0.0625","0.7109","10.3","145.0","16.2","1571646674.61"
"$CST","987.0","08:31:28","52.2265","0.09032","51.0","0.0","0.0","12.0","24.2","4.8","0.125","0.4453","0.0625","0.625","10.31","145.0","16.3","1571646684.734"
"$CST","988.0","08:31:42","52.2265","0.09031","47.0","0.0","0.0","12.0","24.3","4.8","0.125","0.9062","0.0625","0.7109","10.33","145.0","16.3","1571646694.872"
"$CST","989.0","08:31:56","52.22652","0.09026","43.0","0.0","0.0","12.0","24.3","4.8","0.125","0.4531","0.2969","0.7344","10.33","144.0","16.4","1571646715.167"
"$CST","990.0","08:32:09","52.22654","0.09024","40.0","0.0","0.0","12.0","24.4","4.8","0.125","0.4453","-0.0078","0.6016","10.31","143.0","16.5","1571646725.305"
"$CST","991.0","08:32:23","52.22657","0.0902","40.0","0.0","0.0","11.0","24.4","4.8","0.124","0.3516","0.0938","0.6953","10.24","145.0","16.6","1571646735.463"
"$CST","992.0","08:32:37","52.22657","0.09021","42.0","0.0","0.0","12.0","24.5","4.8","0.124","0.7812","0.3906","0.5078","10.33","141.0","16.7","1571646755.772"
"$CST","993.0","08:32:51","52.22655","0.09024","43.0","0.0","0.0","12.0","24.6","4.8","0.125","0.7422","0.25","0.7188","10.32","149.0","16.7","1571646765.918"
"$CST","994.0","08:33:05","52.22655","0.09025","39.0","0.0","0.0","12.0","24.6","4.8","0.127","0.3203","-0.0078","0.4219","10.32","140.0","16.8","1571646776.083"
"$CST","995.0","08:33:19","52.22655","0.09025","37.0","0.0","0.0","12.0","24.6","4.8","0.124","0.625","-0.0781","0.9297","10.32","141.0","16.9","1571646796.399"
"$CST","996.0","08:33:33","52.22655","0.09025","37.0","0.0","0.0","12.0","24.7","4.8","0.125","0.1484","-0.0469","0.7344","10.44","147.0","16.9","1571646806.559"
"$CST","997.0","08:33:47","52.22655","0.09024","38.0","0.0","0.0","12.0","24.8","4.7","0.167","0.3516","-0.2188","1.0547","10.32","149.0","17.0","1571646826.831"
"$CST","998.0","08:34:01","52.22654","0.09025","41.0","0.0","0.0","12.0","24.8","4.8","0.126","0.4531","0.4688","0.6875","10.32","144.0","17.1","1571646836.96"
"$CST","999.0","08:34:15","52.22656","0.09029","45.0","0.0","0.0","12.0","24.9","4.8","0.124","0.5547","0.3203","0.7578","10.31","139.0","17.1","1571646847.103"
"$CST","1000.0","08:34:29","52.22657","0.09032","44.0","0.0","0.0","12.0","24.9","4.8","0.126","0.7188","-0.1172","0.6406","10.32","148.0","17.2","1571646867.379"
"$CST","1001.0","08:34:43","52.22655","0.09027","43.0","0.0","0.0","12.0","25.0","4.7","0.16","0.2656","0.0156","0.6641","10.31","140.0","17.3","1571646877.543"
"$CST","1002.0","08:34:57","52.22653","0.09022","40.0","0.0","0.0","12.0","25.1","4.8","0.124","0.6719","0.2969","0.5625","10.3","140.0","17.3","1571646887.706"
"$CST","1003.0","08:35:10","52.22648","0.09016","36.0","0.0","0.0","12.0","25.1","4.8","0.125","0.4453","0.0859","0.6875","10.32","141.0","17.4","1571646907.974"
"$CST","1004.0","08:35:24","52.2265","0.09018","35.0","0.0","0.0","12.0","25.2","4.7","0.126","0.4453","0.0938","0.5312","10.31","139.0","17.5","1571646918.161"
"$CST","1005.0","08:35:38","52.2265","0.09024","33.0","0.0","0.0","12.0","25.2","4.8","0.125","0.6719","0.1562","0.7344","10.34","141.0","17.5","1571646938.422"
"$CST","1006.0","08:35:52","52.22648","0.09026","29.0","0.0","0.0","12.0","25.3","4.6","0.163","0.7266","0.2969","0.8594","10.28","141.0","17.6","1571646948.573"
"$CST","1007.0","08:36:06","52.2265","0.09024","27.0","0.0","0.0","12.0","25.3","4.7","0.124","0.8906","0.3438","0.7812","10.31","142.0","17.6","1571646958.722"
"$CST","1008.0","08:36:20","52.22647","0.09026","26.0","0.0","0.0","12.0","25.4","4.7","0.127","0.7109","0.0391","0.4922","10.33","142.0","17.7","1571646978.99"
"$CST","1009.0","08:36:34","52.22647","0.09027","19.0","0.0","0.0","12.0","25.4","4.8","0.125","0.5469","-0.2109","0.6406","10.31","142.0","17.8","1571646989.148"
"$CST","1010.0","08:36:48","52.22649","0.09028","20.0","0.0","0.0","12.0","25.5","4.7","0.161","0.4062","0.1172","0.8594","10.31","142.0","17.8","1571646999.335"
"$CST","1011.0","08:37:02","52.2265","0.09028","21.0","0.0","0.0","11.0","25.6","4.7","0.124","0.6172","0.3984","0.8594","10.31","144.0","17.9","1571647019.627"
"$CST","1012.0","08:37:16","52.22652","0.09028","23.0","0.0","0.0","12.0","25.6","4.7","0.126","0.4922","-0.0469","0.6094","10.29","144.0","17.9","1571647029.772"
"$CST","1013.0","08:37:30","52.22658","0.09029","26.0","1.0","0.0","12.0","25.6","4.7","0.126","0.2188","-0.0234","0.8672","10.33","144.0","18.0","1571647050.031"
"$CST","1014.0","08:37:44","52.22659","0.09028","28.0","0.0","0.0","12.0","25.7","4.6","0.168","0.7031","0.0","0.6406","10.32","143.0","18.0","1571647060.197"
"$CST","1015.0","08:37:58","52.22661","0.09027","29.0","0.0","0.0","12.0","25.8","4.7","0.128","0.5938","0.1641","0.7891","10.3","143.0","18.1","1571647070.334"
"$CST","1016.0","08:38:12","52.22655","0.09028","28.0","0.0","0.0","12.0","25.8","4.7","0.124","0.6094","-0.0469","0.6797","10.31","143.0","18.2","1571647090.643"
"$CST","1017.0","08:38:26","52.2265","0.0903","32.0","0.0","0.0","11.0","25.9","4.7","0.125","0.4844","0.0938","0.6016","10.31","143.0","18.2","1571647100.78"
"$CST","1018.0","08:38:40","52.22649","0.09027","34.0","0.0","0.0","12.0","25.9","4.7","0.16","0.5312","-0.0234","0.6797","10.31","143.0","18.2","1571647110.926"
"$CST","1019.0","08:38:54","52.22651","0.09022","32.0","1.0","0.0","12.0","25.9","4.7","0.126","0.4766","-0.2891","0.7344","10.32","143.0","18.3","1571647131.237"
"$CST","1020.0","08:39:08","52.22651","0.09021","28.0","0.0","0.0","12.0","26.0","4.7","0.129","0.8125","0.0469","0.6953","10.32","143.0","18.4","1571647141.36"
"$CST","1169.0","16:44:52","52.20222","0.11685","27.0","0.0","0.0","7.0","32.8","0.0","0.001","0.7969","0.0469","0.5312","10.33","14.0","26.9","1571676285.358"
"$CST","1170.0","16:45:06","52.20224","0.11684","29.0","0.0","0.0","6.0","32.8","0.0","0.001","1.0312","-0.1016","0.5781","10.3","14.0","26.9","1571676305.632"
"$CST","1171.0","16:45:20","52.20225","0.11683","32.0","0.0","0.0","6.0","32.8","0.0","0.001","0.6719","0.0156","0.8281","10.31","14.0","26.9","1571676315.757"
"$CST","1172.0","16:45:34","52.20225","0.11681","35.0","1.0","228.0","6.0","32.8","0.0","0.001","0.3281","-0.2109","0.8516","10.28","14.0","26.8","1571676325.88"
"$CST","1173.0","16:45:48","52.20231","0.11682","44.0","0.0","0.0","6.0","32.8","0.0","0.001","0.6484","-0.2891","0.6875","10.33","13.0","26.8","1571676346.179"
"$CST","1174.0","16:46:01","52.20238","0.11679","56.0","0.0","0.0","7.0","32.8","0.0","0.001","0.9219","-0.1172","0.6562","10.33","13.0","26.8","1571676356.321"
"$CST","1175.0","16:46:16","52.20245","0.11669","78.0","0.0","0.0","7.0","32.8","0.0","0.001","0.8047","-0.1875","0.3594","10.29","13.0","26.8","1571676376.619"
"$CST","1176.0","16:46:29","52.20256","0.11666","91.0","1.0","358.0","7.0","32.8","0.0","0.001","0.9062","-0.1016","0.7109","10.3","13.0","26.8","1571676386.742"
"$CST","1177.0","16:46:43","52.20258","0.11665","97.0","0.0","0.0","7.0","32.8","0.0","0.001","0.8047","-0.2578","0.875","10.3","13.0","26.8","1571676396.872"
"$CST","1178.0","16:46:57","52.20262","0.11664","101.0","0.0","0.0","5.0","32.7","0.0","0.001","0.6953","-0.2344","0.4375","10.29","14.0","26.8","1571676417.174"
"$CST","1179.0","16:47:11","52.20261","0.11664","100.0","0.0","0.0","8.0","32.7","0.0","0.001","0.8125","-0.2109","0.5703","10.3","14.0","26.8","1571676427.333"
"$CST","1180.0","16:47:25","52.2023","0.11673","48.0","0.0","0.0","8.0","32.8","0.0","0.001","1.1641","-0.7031","0.6562","10.1","14.0","26.8","1571676437.486"
"$CST","1181.0","16:47:39","52.20217","0.11676","25.0","0.0","0.0","8.0","32.8","0.0","0.001","0.4844","0.0156","0.6875","10.25","14.0","26.8","1571676457.784"
"$CST","1182.0","16:47:53","52.20217","0.11676","25.0","0.0","0.0","7.0","32.8","0.0","0.001","1.1172","0.1641","0.5391","10.3","14.0","26.8","1571676467.907"
"$CST","1183.0","16:48:07","52.20211","0.11677","10.0","0.0","0.0","7.0","32.7","0.0","0.001","0.4922","-0.2656","0.6797","10.32","14.0","26.8","1571676478.049"
"$CST","1184.0","16:48:21","52.2021","0.11677","4.0","0.0","0.0","7.0","32.7","0.0","0.001","0.8047","-0.2812","0.875","10.31","13.0","26.8","1571676498.365"
"$CST","1185.0","16:48:34","52.20206","0.11678","-1.0","0.0","0.0","7.0","32.8","0.0","0.001","0.8125","-0.375","0.6641","10.31","14.0","26.8","1571676508.534"
"$CST","1186.0","16:48:48","52.20201","0.11682","-6.0","0.0","0.0","7.0","32.8","0.0","0.001","0.625","-0.0547","0.5","10.36","14.0","26.7","1571676528.815"
"$CST","1187.0","16:49:02","52.20194","0.11689","-8.0","1.0","0.0","7.0","32.8","0.0","0.001","0.4531","0.0703","0.9141","10.32","13.0","26.8","1571676538.942"
"$CST","1188.0","16:49:16","52.20182","0.11702","-17.0","1.0","0.0","9.0","32.8","0.0","0.001","0.7578","-0.2578","0.6875","10.35","14.0","26.8","1571676549.088"
"$CST","1189.0","16:49:30","52.20188","0.11704","-12.0","1.0","0.0","10.0","32.8","0.0","0.001","0.6094","0.0469","0.7891","10.31","14.0","26.8","1571676569.394"
"$CST","1190.0","16:49:44","52.20185","0.11712","-11.0","0.0","0.0","9.0","32.8","0.0","0.001","1.0859","-0.2344","0.5078","10.34","14.0","26.8","1571676579.55"
"$CST","1191.0","16:49:58","52.20189","0.11715","-10.0","0.0","0.0","6.0","32.8","0.0","0.001","0.4062","-0.1641","0.7812","10.33","14.0","26.7","1571676589.706"
"$CST","1192.0","16:50:12","52.20194","0.11711","-14.0","0.0","0.0","9.0","32.8","0.0","0.001","0.8438","-0.2422","0.7109","10.31","13.0","26.7","1571676609.973"
"$CST","1193.0","16:50:26","52.20198","0.11704","-10.0","0.0","0.0","9.0","32.8","0.0","0.001","0.4375","-0.4922","0.5","10.32","13.0","26.7","1571676620.113"
"$CST","1194.0","16:50:39","52.202","0.11696","-3.0","0.0","0.0","9.0","32.8","0.0","0.001","0.8047","-0.2422","0.5","10.32","13.0","26.7","1571676640.416"
"$CST","1195.0","16:50:53","52.20202","0.11685","1.0","0.0","0.0","9.0","32.8","0.0","0.001","0.8281","-0.4766","0.7109","10.31","13.0","26.7","1571676650.564"
"$CST","1196.0","16:51:07","52.20203","0.11676","12.0","0.0","0.0","8.0","32.8","0.0","0.001","0.8438","-0.4062","0.6797","10.31","13.0","26.7","1571676660.741"
"$CST","1197.0","16:51:21","52.20205","0.11674","18.0","0.0","0.0","10.0","32.8","0.0","0.001","0.4375","-0.2891","0.6406","10.3","12.0","26.7","1571676681.024"
"$CST","1198.0","16:51:35","52.20205","0.11674","19.0","0.0","0.0","9.0","32.7","0.0","0.001","0.2578","-0.2344","0.7969","10.3","13.0","26.7","1571676691.181"
"$CST","1199.0","16:51:49","52.20205","0.11675","19.0","0.0","0.0","10.0","32.8","0.0","0.001","0.9766","-0.3516","0.7734","10.31","13.0","26.7","1571676701.325"
"$CST","1200.0","16:52:03","52.20206","0.11675","23.0","0.0","0.0","9.0","32.8","0.0","0.001","0.8281","-0.2109","0.5078","10.31","13.0","26.7","1571676721.627"
"$CST","1201.0","16:52:17","52.20208","0.11674","32.0","0.0","0.0","9.0","32.7","0.0","0.001","0.8047","-0.1484","0.6094","10.34","13.0","26.7","1571676731.778"
"$CST","1202.0","16:52:31","52.2021","0.11671","42.0","0.0","0.0","9.0","32.7","0.0","0.001","0.5","-0.375","0.5703","10.33","13.0","26.7","1571676741.896"
"$CST","1203.0","16:52:44","52.2021","0.11668","50.0","0.0","0.0","9.0","32.7","0.0","0.001","0.6641","-0.0781","0.6641","10.32","12.0","26.7","1571676762.182"
"$CST","1204.0","16:52:58","52.20209","0.11666","53.0","0.0","0.0","8.0","32.8","0.0","0.001","0.7031","0.2969","0.7344","10.32","12.0","26.7","1571676772.333"
"$CST","1205.0","16:53:12","52.20208","0.11666","55.0","0.0","0.0","9.0","32.7","0.0","0.001","0.3984","-0.3984","0.7109","10.29","12.0","26.7","1571676792.639"
"$CST","1206.0","16:53:26","52.20208","0.11664","61.0","0.0","0.0","9.0","32.7","0.0","0.001","0.7891","-0.3516","0.4766","10.3","12.0","26.7","1571676802.785"
"$CST","1207.0","16:53:40","52.20208","0.11662","64.0","0.0","0.0","10.0","32.7","0.0","0.001","0.5781","0.0859","0.6953","10.31","12.0","26.7","1571676812.905"
"$CST","1208.0","16:53:54","52.20209","0.11663","60.0","0.0","0.0","10.0","32.7","0.0","0.001","1.0156","-0.1641","0.4062","10.32","12.0","26.7","1571676833.206"
"$CST","1209.0","16:54:08","52.20211","0.11661","59.0","0.0","0.0","10.0","32.7","0.0","0.001","0.6953","-0.1953","0.5312","10.31","13.0","26.7","1571676843.367"
"$CST","1210.0","16:54:22","52.2021","0.11663","51.0","0.0","0.0","9.0","32.6","0.0","0.001","0.4062","-0.125","0.6406","10.33","13.0","26.7","1571676853.519"
"$CST","1211.0","16:54:36","52.2021","0.11664","49.0","0.0","0.0","9.0","32.6","0.0","0.001","0.6641","-0.1641","0.6406","10.32","13.0","26.7","1571676873.797"
"$CST","1212.0","16:54:50","52.2021","0.11665","46.0","0.0","0.0","9.0","32.6","0.0","0.001","0.5312","-0.1016","0.4844","10.34","13.0","26.7","1571676883.94"
"$CST","1213.0","16:55:03","52.20209","0.11667","44.0","0.0","0.0","9.0","32.7","0.0","0.001","0.9609","0.0469","0.5156","10.32","12.0","26.8","1571676904.265"
"$CST","1214.0","16:55:17","52.20206","0.11669","41.0","0.0","0.0","9.0","32.7","0.0","0.001","0.7578","-0.4219","0.6562","10.3","12.0","26.8","1571676914.433"
"$CST","1215.0","16:55:31","52.202","0.11672","36.0","0.0","0.0","9.0","32.7","0.0","0.001","0.6953","-0.1641","0.4531","10.29","12.0","26.8","1571676924.6"
"$CST","1216.0","16:55:45","52.20194","0.11676","31.0","0.0","0.0","9.0","32.7","0.0","0.001","0.375","0.0234","0.6719","10.32","12.0","26.8","1571676944.875"
"$CST","1217.0","16:55:59","52.20186","0.1168","29.0","0.0","0.0","9.0","32.7","0.0","0.001","0.9375","-0.3594","1.0469","10.33","12.0","26.8","1571676955.006"
"$CST","1218.0","16:56:13","52.20188","0.1168","26.0","0.0","0.0","9.0","32.7","0.0","0.001","0.6797","-0.3594","0.875","10.31","12.0","26.8","1571676965.162"
"$CST","1219.0","16:56:27","52.20192","0.11678","23.0","0.0","0.0","9.0","32.7","0.0","0.001","1.0078","-0.1875","0.4609","10.29","12.0","26.8","1571676985.494"
"$CST","1220.0","16:56:41","52.20194","0.11677","18.0","0.0","0.0","10.0","32.7","0.0","0.001","0.7578","-0.2188","0.3203","10.33","12.0","26.8","1571676995.633"
"$CST","1221.0","16:56:54","52.20193","0.11676","17.0","0.0","0.0","9.0","32.7","0.0","0.001","0.6641","-0.3125","0.9766","10.32","12.0","26.8","1571677005.784"
"$CST","1222.0","16:57:08","52.20192","0.11675","15.0","0.0","0.0","9.0","32.7","0.0","0.001","0.8828","-0.2578","0.4141","10.29","12.0","26.8","1571677026.079"
"$CST","1223.0","16:57:22","52.20191","0.11675","14.0","0.0","0.0","9.0","32.7","0.0","0.001","0.9062","0.0391","0.5312","10.31","12.0","26.8","1571677036.219"
"$CST","1224.0","16:57:36","52.20192","0.11674","16.0","0.0","0.0","8.0","32.7","0.0","0.001","0.9531","-0.3516","0.4531","10.32","11.0","26.8","1571677056.523"
"$CST","1225.0","16:57:50","52.20194","0.11672","18.0","0.0","0.0","10.0","32.8","0.0","0.001","0.9609","0.0938","0.4922","10.33","11.0","26.8","1571677066.684"
"$CST","1226.0","16:58:04","52.20193","0.11668","21.0","0.0","0.0","10.0","32.7","0.0","0.001","0.6406","-0.2344","0.6875","10.3","11.0","26.8","1571677076.835"
"$CST","1227.0","16:58:18","52.20197","0.11666","22.0","0.0","0.0","9.0","32.7","0.0","0.001","0.7188","-0.4766","0.7266","10.33","11.0","26.8","1571677097.093"
"$CST","1228.0","16:58:32","52.20197","0.11668","23.0","0.0","0.0","10.0","32.7","0.0","0.001","0.6094","-0.0703","0.4141","10.32","11.0","26.8","1571677107.255"
"$CST","1229.0","16:58:46","52.20201","0.11672","25.0","0.0","0.0","10.0","32.7","0.0","0.001","0.8984","-0.1172","0.4766","10.31","11.0","26.8","1571677117.416"
"$CST","1230.0","16:59:00","52.20198","0.11671","28.0","0.0","0.0","10.0","32.7","0.0","0.001","0.6875","0.0156","0.5391","10.29","11.0","26.8","1571677137.729"
"$CST","1231.0","16:59:14","52.20196","0.1167","31.0","0.0","0.0","10.0","32.7","0.0","0.001","0.7031","-0.1172","0.6875","10.33","11.0","26.8","1571677147.91"
"$CST","1232.0","16:59:28","52.20196","0.11671","30.0","0.0","0.0","10.0","32.7","0.0","0.001","0.5547","-0.4219","0.6562","10.33","11.0","26.8","1571677168.221"
"$CST","1233.0","16:59:41","52.20198","0.11675","27.0","0.0","0.0","10.0","32.7","0.0","0.001","0.5547","-0.3984","0.4297","10.32","11.0","26.8","1571677178.365"
"$CST","1234.0","16:59:55","52.20201","0.11675","29.0","0.0","0.0","10.0","32.7","0.0","0.001","0.7344","-0.1953","0.6172","10.34","11.0","26.8","1571677188.503"
"$CST","1235.0","17:00:10","52.20205","0.11672","33.0","0.0","0.0","10.0","32.7","0.0","0.001","0.6562","0.0156","0.4219","10.3","11.0","26.8","1571677208.813"
"$CST","1236.0","17:00:23","52.2021","0.11667","41.0","0.0","0.0","10.0","32.7","0.0","0.001","0.6641","-0.4219","0.7031","10.33","11.0","26.8","1571677218.953"
"$CST","1237.0","17:00:37","52.20211","0.11664","47.0","0.0","0.0","10.0","32.7","0.0","0.001","0.9219","-0.1875","0.7344","10.33","11.0","26.8","1571677229.095"
"$CST","1238.0","17:00:51","52.20212","0.11667","50.0","0.0","0.0","9.0","32.7","0.0","0.001","0.4141","0.0","0.6484","10.33","11.0","26.7","1571677249.407"
"$CST","1239.0","17:01:05","52.20213","0.1167","52.0","1.0","0.0","10.0","32.7","0.0","0.001","0.7578","-0.0547","0.5938","10.37","11.0","26.8","1571677259.602"
"$CST","1240.0","17:01:19","52.2021","0.11669","53.0","0.0","0.0","9.0","32.7","0.0","0.001","1.0156","-0.0781","0.6172","10.29","11.0","26.7","1571677279.862"
"$CST","1241.0","17:01:33","52.20211","0.11671","52.0","0.0","0.0","10.0","32.7","0.0","0.001","0.6484","-0.4922","0.5703","10.31","11.0","26.8","1571677289.994"
"$CST","1242.0","17:01:47","52.20212","0.11671","52.0","0.0","0.0","10.0","32.7","0.0","0.001","0.6953","-0.1875","0.25","10.34","11.0","26.8","1571677300.156"
"$CST","1243.0","17:02:00","52.20219","0.11674","56.0","0.0","0.0","10.0","32.7","0.0","0.001","0.4375","-0.3125","0.7266","10.31","10.0","26.8","1571677320.457"
"$CST","1244.0","17:02:15","52.20217","0.11669","59.0","0.0","0.0","8.0","32.7","0.0","0.001","0.5312","-0.0312","0.5078","10.32","10.0","26.8","1571677330.591"
"$CST","1245.0","17:02:29","52.2022","0.11666","65.0","0.0","0.0","9.0","32.7","0.0","0.001","0.9375","-0.3281","0.6094","10.32","10.0","26.8","1571677340.747"
"$CST","1246.0","17:02:42","52.20224","0.11662","73.0","0.0","0.0","9.0","32.7","0.0","0.001","0.5312","-0.2656","0.6328","10.31","10.0","26.8","1571677361.005"
"$CST","1247.0","17:02:56","52.20226","0.11659","72.0","0.0","0.0","9.0","32.7","0.0","0.001","0.4219","-0.2891","0.6875","10.28","10.0","26.8","1571677371.164"
"$CST","1248.0","17:03:10","52.20227","0.11664","69.0","0.0","0.0","9.0","32.7","0.0","0.001","0.6406","-0.4453","0.7109","10.32","10.0","26.8","1571677381.335"
"$CST","1249.0","17:03:24","52.20226","0.11665","62.0","0.0","0.0","9.0","32.6","0.0","0.001","0.7578","-0.3984","0.5938","10.32","11.0","26.7","1571677401.66"
"$CST","1250.0","17:03:38","52.20224","0.11665","57.0","0.0","0.0","9.0","32.6","0.0","0.001","1.5156","-0.1016","0.7812","10.28","11.0","26.7","1571677411.805"
"$CST","1251.0","17:03:52","52.20222","0.11664","56.0","0.0","0.0","9.0","32.7","0.0","0.001","0.6719","0.0","0.6406","10.33","11.0","26.8","1571677432.107"
"$CST","1252.0","17:04:06","52.20224","0.11664","61.0","0.0","0.0","9.0","32.7","0.0","0.001","0.8047","-0.1016","0.5703","10.3","11.0","26.8","1571677442.237"
"$CST","1253.0","17:04:20","52.20225","0.11664","66.0","0.0","0.0","9.0","32.7","0.0","0.001","0.8672","-0.3125","0.4297","10.31","10.0","26.8","1571677452.395"
"$CST","1254.0","17:04:33","52.20225","0.11664","67.0","0.0","0.0","9.0","32.7","0.0","0.001","0.2969","-0.0781","0.4766","10.3","10.0","26.8","1571677472.707"
"$CST","1255.0","17:04:47","52.20224","0.11664","71.0","0.0","0.0","9.0","32.7","0.0","0.001","0.6797","-0.2344","0.6406","10.3","10.0","26.8","1571677482.827"
"$CST","1256.0","17:05:01","52.20223","0.11663","72.0","0.0","0.0","9.0","32.7","0.0","0.001","0.4922","-0.0703","0.6328","10.31","10.0","26.8","1571677492.948"
"$CST","1257.0","17:05:15","52.20223","0.1166","77.0","0.0","0.0","9.0","32.7","0.0","0.001","0.9219","-0.125","0.5703","10.32","10.0","26.8","1571677513.242"
"$CST","1258.0","17:05:29","52.20224","0.11661","78.0","0.0","0.0","9.0","32.7","0.0","0.001","0.875","0.0859","0.5312","10.32","11.0","26.8","1571677523.391"
"$CST","1259.0","17:05:43","52.20228","0.11663","81.0","0.0","0.0","9.0","32.7","0.0","0.001","0.6797","-0.2578","0.5703","10.31","11.0","26.8","1571677543.675"
"$CST","1260.0","17:05:57","52.20229","0.11664","84.0","0.0","0.0","9.0","32.7","0.0","0.001","0.5312","-0.2188","0.4141","10.3","11.0","26.8","1571677553.814"
"$CST","1261.0","17:06:11","52.2023","0.11666","84.0","0.0","0.0","9.0","32.7","0.0","0.001","0.7109","0.1172","0.7891","10.3","11.0","26.8","1571677563.96"
"$CST","1262.0","17:06:24","52.20232","0.11667","85.0","0.0","0.0","9.0","32.7","0.0","0.001","0.8281","-0.4453","0.5938","10.32","11.0","26.8","1571677584.284"
"$CST","1263.0","17:06:38","52.20232","0.11671","81.0","0.0","0.0","9.0","32.7","0.0","0.001","0.4609","-0.4922","0.8203","10.32","10.0","26.8","1571677594.416"
"$CST","1264.0","17:06:52","52.20232","0.11675","75.0","0.0","0.0","9.0","32.7","0.0","0.001","0.5469","-0.3047","0.6641","10.3","10.0","26.8","1571677604.566"
"$CST","1265.0","17:07:06","52.20232","0.11679","71.0","0.0","0.0","9.0","32.7","0.0","0.001","0.8438","-0.0234","0.75","10.33","10.0","26.8","1571677624.857"
"$CST","1266.0","17:07:20","52.20232","0.11682","67.0","0.0","0.0","9.0","32.7","0.0","0.001","0.5312","-0.4062","0.4141","10.33","10.0","26.8","1571677635.015"
"$CST","1267.0","17:07:34","52.20231","0.11683","62.0","0.0","0.0","9.0","32.7","0.0","0.001","0.9844","0.1094","0.6016","10.31","10.0","26.8","1571677645.174"
